index_type,relative_day,feature,observed_count,anchor_count,player_count,event_weighted_mean,median,player_equal_mean
calendar_reference,-28,daily_load_log1p,68,68,13,4.214856990479255,6.111467339502679,4.085471447397306
calendar_reference,-27,daily_load_log1p,68,68,13,4.301950095037742,6.244931703320501,3.437825658767375
calendar_reference,-26,daily_load_log1p,68,68,13,3.654516215580942,5.78394824410737,2.2804618511711294
calendar_reference,-25,daily_load_log1p,68,68,13,4.189387511993389,5.941419692819725,3.2627639753671103
calendar_reference,-24,daily_load_log1p,68,68,13,4.347979436012029,6.111467339502679,4.283232194094392
calendar_reference,-23,daily_load_log1p,68,68,13,4.7295346653843575,6.07705008659253,4.477029164730466
calendar_reference,-22,daily_load_log1p,68,68,13,4.209840444942059,5.860786223465865,3.3074159902631624
calendar_reference,-21,daily_load_log1p,68,68,13,4.098548049746958,6.07705008659253,3.5849705073094067
calendar_reference,-20,daily_load_log1p,68,68,13,4.3668341101258275,5.8888779583328805,4.047416868788924
calendar_reference,-19,daily_load_log1p,68,68,13,3.896391492917838,5.707110264748875,3.1654574981737014
calendar_reference,-18,daily_load_log1p,68,68,13,3.799380225257167,5.707110264748875,3.6055310167410206
calendar_reference,-17,daily_load_log1p,68,68,13,3.691536875003331,5.707110264748875,3.3234170534610787
calendar_reference,-16,daily_load_log1p,68,68,13,4.474011368359231,5.941419692819725,4.752632067378981
calendar_reference,-15,daily_load_log1p,68,68,13,3.9991036788508296,5.707110264748875,2.971179799553431
calendar_reference,-14,daily_load_log1p,68,68,13,3.8910861208161793,5.771441123130016,3.9412968288848313
calendar_reference,-13,daily_load_log1p,68,68,13,3.892200900222986,5.816113673297941,3.5553371003218355
calendar_reference,-12,daily_load_log1p,68,68,13,4.425167477275667,5.8888779583328805,3.3527662564443292
calendar_reference,-11,daily_load_log1p,68,68,13,3.596798415750106,5.707110264748875,3.5246904599766045
calendar_reference,-10,daily_load_log1p,68,68,13,3.694223519724101,5.816113673297941,3.039859383688765
calendar_reference,-9,daily_load_log1p,68,68,13,4.2804722350423035,5.965755396007631,4.130348248942715
calendar_reference,-8,daily_load_log1p,68,68,13,3.656913287917557,5.860786223465865,4.09772569780667
calendar_reference,-7,daily_load_log1p,68,68,13,3.2992116408062064,5.139950698125144,2.7449948393533714
calendar_reference,-6,daily_load_log1p,68,68,13,4.256722869164183,6.042632833682381,3.0592814796337984
calendar_reference,-5,daily_load_log1p,68,68,13,3.4560727075573214,5.638354669333745,2.251050765969949
calendar_reference,-4,daily_load_log1p,68,68,13,4.129958831883335,5.874832090899373,3.649886329283973
calendar_reference,-3,daily_load_log1p,68,68,13,3.640899303713846,5.581903804232764,3.747601902069447
calendar_reference,-2,daily_load_log1p,68,68,13,3.9301323462437145,5.67273246704131,3.9482338338074263
calendar_reference,-1,daily_load_log1p,68,68,13,3.7191680818747024,5.484796933490655,4.203296875538442
calendar_reference,0,daily_load_log1p,68,68,13,3.5252506262688006,5.771441123130016,2.3551243196457117
event,-28,daily_load_log1p,68,68,13,2.983947295276744,0.0,1.9337930526390403
event,-27,daily_load_log1p,68,68,13,2.960590760261041,0.0,1.4753767391017913
event,-26,daily_load_log1p,68,68,13,2.6211486565390048,0.0,1.5924993723207694
event,-25,daily_load_log1p,68,68,13,3.204603295608921,4.6533250260567955,2.8206833749003852
event,-24,daily_load_log1p,68,68,13,3.263140602163696,5.250900969662451,2.6197950290804357
event,-23,daily_load_log1p,68,68,13,2.683856819044899,0.0,2.1171428885940697
event,-22,daily_load_log1p,68,68,13,3.0301080330073855,2.1972245773362196,2.118740073362043
event,-21,daily_load_log1p,68,68,13,3.2701598529772715,4.8546782688913375,2.96145496956517
event,-20,daily_load_log1p,68,68,13,3.1621501099665448,2.6759290667380333,1.7913034884943937
event,-19,daily_load_log1p,68,68,13,2.9656234607737306,0.0,1.9895626083455942
event,-18,daily_load_log1p,68,68,13,3.2730580356594428,5.073628460821997,2.0334663422795853
event,-17,daily_load_log1p,68,68,13,3.6422539534461618,5.707110264748875,2.865669481879721
event,-16,daily_load_log1p,68,68,13,3.254075195639839,4.938597455290602,2.468475544056638
event,-15,daily_load_log1p,68,68,13,3.3219600809365026,5.351858133476067,2.953512793415264
event,-14,daily_load_log1p,68,68,13,3.468216614734203,5.628119028310335,2.5766384441174335
event,-13,daily_load_log1p,68,68,13,3.5809527199777182,5.67273246704131,2.472354739095936
event,-12,daily_load_log1p,68,68,13,3.494328847728008,5.484796933490655,1.9843392350997588
event,-11,daily_load_log1p,68,68,13,3.7838862515898803,5.707110264748875,2.5575877860169425
event,-10,daily_load_log1p,68,68,13,3.6106859612889015,5.595953599119765,2.66772496181946
event,-9,daily_load_log1p,68,68,13,3.8047820847100873,5.860786223465865,2.825575932126028
event,-8,daily_load_log1p,68,68,13,3.602422940413468,5.505124936311219,2.4547861665614383
event,-7,daily_load_log1p,68,68,13,3.38484466212633,5.198497031265826,2.884482209086366
event,-6,daily_load_log1p,68,68,13,3.470169819088506,5.198497031265826,2.54135365251979
event,-5,daily_load_log1p,68,68,13,3.361153546445562,5.198497031265826,1.9925671521386714
event,-4,daily_load_log1p,68,68,13,3.810343238288068,5.830159540731448,2.7121589542202753
event,-3,daily_load_log1p,68,68,13,3.7090839227688632,5.707110264748875,3.086065454020811
event,-2,daily_load_log1p,68,68,13,3.6266225410008035,5.484796933490655,2.808205234986289
event,-1,daily_load_log1p,68,68,13,3.6810303251868,5.484796933490655,3.3615369096787946
event,0,daily_load_log1p,68,68,13,5.0101577745004295,5.993961427306569,4.6906284195589185
reporting_reference,-28,daily_load_log1p,68,68,13,3.757700220249153,6.042632833682381,2.8243638547340977
reporting_reference,-27,daily_load_log1p,68,68,13,4.1567922469370275,6.018297130494475,3.2587120920449544
reporting_reference,-26,daily_load_log1p,68,68,13,3.7860095227798003,5.67273246704131,2.955617199411098
reporting_reference,-25,daily_load_log1p,68,68,13,4.208334030743166,5.993961427306569,3.1857617519960946
reporting_reference,-24,daily_load_log1p,68,68,13,3.770226330134625,5.951709528574123,3.4472032547701983
reporting_reference,-23,daily_load_log1p,68,68,13,3.346674186405622,4.7978353988319835,2.6000073613971426
reporting_reference,-22,daily_load_log1p,68,68,13,3.900714418601776,5.860786223465865,2.659727856341651
reporting_reference,-21,daily_load_log1p,68,68,13,3.846308285167742,5.85679308019119,2.7946210287843574
reporting_reference,-20,daily_load_log1p,68,68,13,3.76755274924354,5.816113673297941,3.27501150893541
reporting_reference,-19,daily_load_log1p,68,68,13,3.644192678811799,5.67273246704131,3.055113485306696
reporting_reference,-18,daily_load_log1p,68,68,13,3.453901846953651,5.543457877185178,2.40690888221969
reporting_reference,-17,daily_load_log1p,68,68,13,3.96709001785078,5.830159540731448,3.177744001359483
reporting_reference,-16,daily_load_log1p,68,68,13,3.9767909895775784,5.927373825386217,3.5657069462366575
reporting_reference,-15,daily_load_log1p,68,68,13,3.950118045588666,5.771441123130016,2.9261161219548266
reporting_reference,-14,daily_load_log1p,68,68,13,3.969382174955838,5.801661800206766,3.335272948665591
reporting_reference,-13,daily_load_log1p,68,68,13,3.496251449158473,5.495106401404906,2.555532288694481
reporting_reference,-12,daily_load_log1p,68,68,13,3.9211018215256,5.739275693939446,2.7932715126086007
reporting_reference,-11,daily_load_log1p,68,68,13,3.2599956484148604,4.907082207287963,2.9604785784004335
reporting_reference,-10,daily_load_log1p,68,68,13,3.5576748945980614,5.739275693939446,2.57328671784173
reporting_reference,-9,daily_load_log1p,68,68,13,4.3571076113502745,6.042632833682381,3.4351515295235067
reporting_reference,-8,daily_load_log1p,68,68,13,3.8581122395474967,5.874832090899373,3.3313729404438948
reporting_reference,-7,daily_load_log1p,68,68,13,3.7631871706628464,5.5254529391317835,3.349754740835905
reporting_reference,-6,daily_load_log1p,68,68,13,3.960493447461471,5.8888779583328805,2.989631221622621
reporting_reference,-5,daily_load_log1p,68,68,13,3.699089619316819,5.638354669333745,2.6994057579130986
reporting_reference,-4,daily_load_log1p,68,68,13,3.647532886383152,5.8888779583328805,2.662793055420062
reporting_reference,-3,daily_load_log1p,68,68,13,3.5643483193030088,5.34164698237824,2.86125876685304
reporting_reference,-2,daily_load_log1p,68,68,13,3.5122023508934457,5.620236745106723,2.3382111857709047
reporting_reference,-1,daily_load_log1p,68,68,13,2.952421295826517,0.0,2.6002847530137254
reporting_reference,0,daily_load_log1p,68,68,13,3.5425138198369535,5.638354669333745,2.498355085730099
calendar_reference,-28,daily_load_sum_28d_log1p,68,68,13,8.20519986380453,9.41336284529417,6.974949242708963
calendar_reference,-27,daily_load_sum_28d_log1p,68,68,13,8.207855932729078,9.41661727058235,6.983517082579171
calendar_reference,-26,daily_load_sum_28d_log1p,68,68,13,8.203145039809666,9.419060073259072,6.973375508630592
calendar_reference,-25,daily_load_sum_28d_log1p,68,68,13,8.192758935894407,9.421086664879176,6.9656006892006594
calendar_reference,-24,daily_load_sum_28d_log1p,68,68,13,8.197430856038872,9.429947964910086,6.9892988565982
calendar_reference,-23,daily_load_sum_28d_log1p,68,68,13,8.205065752982287,9.434360661371251,7.012636850116994
calendar_reference,-22,daily_load_sum_28d_log1p,68,68,13,8.210249727840106,9.45414401100616,7.015006055700151
calendar_reference,-21,daily_load_sum_28d_log1p,68,68,13,8.206144592057006,9.460397242909394,7.0144519044485
calendar_reference,-20,daily_load_sum_28d_log1p,68,68,13,8.211715678621804,9.466606478333347,7.0296334830037415
calendar_reference,-19,daily_load_sum_28d_log1p,68,68,13,8.303201212511789,9.463896654419596,7.531632179889253
calendar_reference,-18,daily_load_sum_28d_log1p,68,68,13,8.304139520254802,9.454931947932845,7.5722727503486675
calendar_reference,-17,daily_load_sum_28d_log1p,68,68,13,8.294422426986461,9.42626541345982,7.5720362917684065
calendar_reference,-16,daily_load_sum_28d_log1p,68,68,13,8.304030419363768,9.42875274891449,7.616040901761425
calendar_reference,-15,daily_load_sum_28d_log1p,68,68,13,8.308348974754205,9.443064321424725,7.6185145826256075
calendar_reference,-14,daily_load_sum_28d_log1p,68,68,13,8.31395094591222,9.457621448765376,7.634273138426817
calendar_reference,-13,daily_load_sum_28d_log1p,68,68,13,8.313368273629928,9.457667184513365,7.656759278045187
calendar_reference,-12,daily_load_sum_28d_log1p,68,68,13,8.322743596242933,9.460781622149607,7.6671708911256
calendar_reference,-11,daily_load_sum_28d_log1p,68,68,13,8.32467958062584,9.458448984375565,7.671344764527688
calendar_reference,-10,daily_load_sum_28d_log1p,68,68,13,8.319250933745412,9.477350503111317,7.666110968706449
calendar_reference,-9,daily_load_sum_28d_log1p,68,68,13,8.32266359822088,9.480386741381565,7.677118179871627
calendar_reference,-8,daily_load_sum_28d_log1p,68,68,13,8.308522955170915,9.492564478445637,7.692740646293784
calendar_reference,-7,daily_load_sum_28d_log1p,68,68,13,8.295746017524703,9.441511301451923,7.6897304346966
calendar_reference,-6,daily_load_sum_28d_log1p,68,68,13,8.30751795554575,9.451004506484438,7.702145140896055
calendar_reference,-5,daily_load_sum_28d_log1p,68,68,13,8.306662232157981,9.463508636396089,7.699184523569647
calendar_reference,-4,daily_load_sum_28d_log1p,68,68,13,8.31636374622505,9.46660917372222,7.705134226857721
calendar_reference,-3,daily_load_sum_28d_log1p,68,68,13,8.31534386304152,9.461954755266087,7.714445738183934
calendar_reference,-2,daily_load_sum_28d_log1p,68,68,13,8.318388448402443,9.452045398946268,7.718947890985752
calendar_reference,-1,daily_load_sum_28d_log1p,68,68,13,8.312602701467897,9.4343635363174,7.722780891062493
calendar_reference,0,daily_load_sum_28d_log1p,68,68,13,8.301225127499839,9.427927923377707,7.699799738664164
event,-28,daily_load_sum_28d_log1p,68,68,13,6.2905912377117525,8.44762539512966,4.859997836716551
event,-27,daily_load_sum_28d_log1p,68,68,13,6.205891925530554,8.572816826749062,4.829637376349276
event,-26,daily_load_sum_28d_log1p,68,68,13,6.322539030004678,8.62784205182462,4.970167244450435
event,-25,daily_load_sum_28d_log1p,68,68,13,6.460861784613977,8.63057131624318,5.493922937643325
event,-24,daily_load_sum_28d_log1p,68,68,13,6.497672416020694,8.64748824489874,5.433743726997027
event,-23,daily_load_sum_28d_log1p,68,68,13,6.491315131199076,8.63712321191154,5.437455819974892
event,-22,daily_load_sum_28d_log1p,68,68,13,6.5472408557220305,8.626836147507731,5.546213621591699
event,-21,daily_load_sum_28d_log1p,68,68,13,6.645800732429261,8.68368069850408,5.288414859020254
event,-20,daily_load_sum_28d_log1p,68,68,13,6.7778759943202616,8.751080527398788,5.337049138077764
event,-19,daily_load_sum_28d_log1p,68,68,13,6.672895966755405,8.787631801950715,5.304514833190406
event,-18,daily_load_sum_28d_log1p,68,68,13,6.642760727420761,8.818179431347279,5.295058600256867
event,-17,daily_load_sum_28d_log1p,68,68,13,6.772365858976092,8.881239797704275,5.351575609575027
event,-16,daily_load_sum_28d_log1p,68,68,13,6.864978228493323,8.926055187832326,5.562419745178631
event,-15,daily_load_sum_28d_log1p,68,68,13,6.9868329103529,8.92671170053169,5.655510213293758
event,-14,daily_load_sum_28d_log1p,68,68,13,7.026765637191121,8.910319028957492,5.698255254490866
event,-13,daily_load_sum_28d_log1p,68,68,13,7.062174596625167,8.884632685553552,5.743907337943657
event,-12,daily_load_sum_28d_log1p,68,68,13,7.178012186733381,8.912740594674311,5.7880830212328
event,-11,daily_load_sum_28d_log1p,68,68,13,7.210045716629547,8.93603423114208,5.812828275572671
event,-10,daily_load_sum_28d_log1p,68,68,13,7.3129211473895674,8.978531230461439,5.864353370377525
event,-9,daily_load_sum_28d_log1p,68,68,13,7.485745511561645,9.00772978554479,6.041450833926183
event,-8,daily_load_sum_28d_log1p,68,68,13,7.545627478638591,9.022133132649252,6.090657015856461
event,-7,daily_load_sum_28d_log1p,68,68,13,7.563949067757496,9.011151239869953,6.111627568359581
event,-6,daily_load_sum_28d_log1p,68,68,13,7.575887660334127,9.006477373479987,6.117150503007551
event,-5,daily_load_sum_28d_log1p,68,68,13,7.603535769601145,8.97979131927643,6.121412101324202
event,-4,daily_load_sum_28d_log1p,68,68,13,7.622527227551802,9.034148084459396,6.140632705467237
event,-3,daily_load_sum_28d_log1p,68,68,13,7.630812450732422,9.072318152065879,6.155106052651797
event,-2,daily_load_sum_28d_log1p,68,68,13,7.816162243755166,9.084704778082575,6.370843046704826
event,-1,daily_load_sum_28d_log1p,68,68,13,7.928117103272113,9.104516623281246,6.4369463214611224
event,0,daily_load_sum_28d_log1p,68,68,13,8.543650567947315,9.111734159221058,8.014260114514427
reporting_reference,-28,daily_load_sum_28d_log1p,68,68,13,7.746465487927785,9.375090369012163,6.170369068202076
reporting_reference,-27,daily_load_sum_28d_log1p,68,68,13,7.7459594715210836,9.38227474725591,6.174237602225433
reporting_reference,-26,daily_load_sum_28d_log1p,68,68,13,7.746587213582933,9.393994287429372,6.176670537117138
reporting_reference,-25,daily_load_sum_28d_log1p,68,68,13,7.744406126466918,9.39191025640293,6.176423297988142
reporting_reference,-24,daily_load_sum_28d_log1p,68,68,13,7.745992052545396,9.395619383709889,6.194044930416752
reporting_reference,-23,daily_load_sum_28d_log1p,68,68,13,7.736604442213307,9.359654794381678,6.1976696467637
reporting_reference,-22,daily_load_sum_28d_log1p,68,68,13,7.747986200890142,9.349319399257634,6.203823223812705
reporting_reference,-21,daily_load_sum_28d_log1p,68,68,13,7.846369253566673,9.356689175030358,6.33449010916895
reporting_reference,-20,daily_load_sum_28d_log1p,68,68,13,7.846378943619661,9.357551913575872,6.342301457735212
reporting_reference,-19,daily_load_sum_28d_log1p,68,68,13,7.839297780502788,9.35702565684041,6.341501500029088
reporting_reference,-18,daily_load_sum_28d_log1p,68,68,13,7.836880653704075,9.36779979371902,6.346080650458391
reporting_reference,-17,daily_load_sum_28d_log1p,68,68,13,7.935458933669065,9.367852340021283,6.477114246289689
reporting_reference,-16,daily_load_sum_28d_log1p,68,68,13,7.935112993758459,9.37083900422731,6.487981019077266
reporting_reference,-15,daily_load_sum_28d_log1p,68,68,13,7.935518562068078,9.37498786063617,6.491492395983215
reporting_reference,-14,daily_load_sum_28d_log1p,68,68,13,7.936787732545057,9.360474294871409,6.497157375020607
reporting_reference,-13,daily_load_sum_28d_log1p,68,68,13,7.9361913310753325,9.357121103184378,6.498062961867275
reporting_reference,-12,daily_load_sum_28d_log1p,68,68,13,7.931803508678617,9.377632889750377,6.497524959884481
reporting_reference,-11,daily_load_sum_28d_log1p,68,68,13,7.922117792286239,9.376355891519744,6.494220386728541
reporting_reference,-10,daily_load_sum_28d_log1p,68,68,13,7.917821936569116,9.367823878126377,6.490055386397564
reporting_reference,-9,daily_load_sum_28d_log1p,68,68,13,7.927355075807886,9.370842268630211,6.496007046612585
reporting_reference,-8,daily_load_sum_28d_log1p,68,68,13,7.935014006983842,9.365275236128609,6.508496559992991
reporting_reference,-7,daily_load_sum_28d_log1p,68,68,13,7.9348688972386,9.361847848595598,6.511260012900299
reporting_reference,-6,daily_load_sum_28d_log1p,68,68,13,7.937205711966222,9.391456208816267,6.5121356068309755
reporting_reference,-5,daily_load_sum_28d_log1p,68,68,13,7.945476876519357,9.406811351874557,6.510389769616438
reporting_reference,-4,daily_load_sum_28d_log1p,68,68,13,7.953592838019563,9.435162513668947,6.5079115718434
reporting_reference,-3,daily_load_sum_28d_log1p,68,68,13,7.957810197752688,9.461954755266087,6.50602555711835
reporting_reference,-2,daily_load_sum_28d_log1p,68,68,13,7.95495315096112,9.463884007388144,6.495845677288329
reporting_reference,-1,daily_load_sum_28d_log1p,68,68,13,7.946553433554478,9.4343635363174,6.493618215776258
reporting_reference,0,daily_load_sum_28d_log1p,68,68,13,7.944681096556739,9.4343635363174,6.486384291108353
calendar_reference,-28,daily_load_sum_7d_log1p,68,68,13,6.814172020232758,7.857820827449327,5.915069097793742
calendar_reference,-27,daily_load_sum_7d_log1p,68,68,13,6.8166647414693164,7.953655889081005,5.9476951943216205
calendar_reference,-26,daily_load_sum_7d_log1p,68,68,13,6.843010401961304,8.031373440538765,5.966923615102295
calendar_reference,-25,daily_load_sum_7d_log1p,68,68,13,6.882489789473811,8.072719738839947,5.964147840648083
calendar_reference,-24,daily_load_sum_7d_log1p,68,68,13,6.94471122355655,8.10498729356851,6.035759821807011
calendar_reference,-23,daily_load_sum_7d_log1p,68,68,13,7.026558247834306,8.127351136357458,6.106869983638844
calendar_reference,-22,daily_load_sum_7d_log1p,68,68,13,7.0571530682033865,8.11701408773731,6.103918246645123
calendar_reference,-21,daily_load_sum_7d_log1p,68,68,13,6.957670849089109,8.152131609513441,6.036372494642914
calendar_reference,-20,daily_load_sum_7d_log1p,68,68,13,7.046738801189423,8.156459821126528,6.086378602127529
calendar_reference,-19,daily_load_sum_7d_log1p,68,68,13,7.146648176723864,8.160803920954665,6.590274915912473
calendar_reference,-18,daily_load_sum_7d_log1p,68,68,13,7.136867582429447,8.113738680383463,6.617392821296387
calendar_reference,-17,daily_load_sum_7d_log1p,68,68,13,7.081989095686604,8.115510832959393,6.540926165183179
calendar_reference,-16,daily_load_sum_7d_log1p,68,68,13,6.97049418986324,8.108021221376747,6.430933990836057
calendar_reference,-15,daily_load_sum_7d_log1p,68,68,13,6.77335919589244,8.098905198583033,6.338569993165684
calendar_reference,-14,daily_load_sum_7d_log1p,68,68,13,6.751090058434941,8.09589888824086,6.334878402571787
calendar_reference,-13,daily_load_sum_7d_log1p,68,68,13,6.739054942807556,8.014962765078518,6.325859393519108
calendar_reference,-12,daily_load_sum_7d_log1p,68,68,13,7.047736776231918,8.031384009518746,6.523326482094129
calendar_reference,-11,daily_load_sum_7d_log1p,68,68,13,7.047623739815826,8.018229682940595,6.5278215280330105
calendar_reference,-10,daily_load_sum_7d_log1p,68,68,13,7.030469282730455,7.983098940710892,6.50013704353266
calendar_reference,-9,daily_load_sum_7d_log1p,68,68,13,7.010158271275201,7.998096815711494,6.431547851886946
calendar_reference,-8,daily_load_sum_7d_log1p,68,68,13,6.985953837343659,8.042694330685613,6.499854444723549
calendar_reference,-7,daily_load_sum_7d_log1p,68,68,13,6.859760406505221,7.914170449327797,6.318720585752437
calendar_reference,-6,daily_load_sum_7d_log1p,68,68,13,6.96708014705914,7.912315847794942,6.437748195014793
calendar_reference,-5,daily_load_sum_7d_log1p,68,68,13,6.852977812681771,7.820044521568792,6.369528831013479
calendar_reference,-4,daily_load_sum_7d_log1p,68,68,13,6.833849296590727,7.842045390355416,6.366257412952944
calendar_reference,-3,daily_load_sum_7d_log1p,68,68,13,6.835081384898163,7.873171735868839,6.402297099810172
calendar_reference,-2,daily_load_sum_7d_log1p,68,68,13,6.82849206531695,7.787788276579656,6.426784364774248
calendar_reference,-1,daily_load_sum_7d_log1p,68,68,13,6.8264280056303335,7.775267026761865,6.390113716714238
calendar_reference,0,daily_load_sum_7d_log1p,68,68,13,6.855850923123033,7.82823806829529,6.369764005790551
event,-28,daily_load_sum_7d_log1p,68,68,13,4.992367959933465,7.706625257669615,3.637052846303485
event,-27,daily_load_sum_7d_log1p,68,68,13,4.973379902289685,7.525884900185921,3.584373185169947
event,-26,daily_load_sum_7d_log1p,68,68,13,5.088742476592948,7.5137065691726095,3.7093503508770302
event,-25,daily_load_sum_7d_log1p,68,68,13,5.129934377963233,7.598822012278171,4.074729251662068
event,-24,daily_load_sum_7d_log1p,68,68,13,5.234745934802774,7.58629630715272,4.225331302350479
event,-23,daily_load_sum_7d_log1p,68,68,13,5.20438454164374,7.53137644358147,4.215919329143962
event,-22,daily_load_sum_7d_log1p,68,68,13,5.318511429933241,7.528811505267054,4.325993501430064
event,-21,daily_load_sum_7d_log1p,68,68,13,5.565131481703969,7.458637436885675,4.552727692923133
event,-20,daily_load_sum_7d_log1p,68,68,13,5.695298272883099,7.561414810346629,4.599207839494176
event,-19,daily_load_sum_7d_log1p,68,68,13,5.705094219653275,7.627448977732039,4.610858883393418
event,-18,daily_load_sum_7d_log1p,68,68,13,5.6559612295552295,7.547470386770652,4.55435410599511
event,-17,daily_load_sum_7d_log1p,68,68,13,5.674880687324714,7.666226971461024,4.454416917300191
event,-16,daily_load_sum_7d_log1p,68,68,13,5.917457885516377,7.628491012102715,4.787660377628439
event,-15,daily_load_sum_7d_log1p,68,68,13,6.049326505059503,7.578653583409729,4.875063350657153
event,-14,daily_load_sum_7d_log1p,68,68,13,6.057003905472506,7.621003080488684,4.862913449222905
event,-13,daily_load_sum_7d_log1p,68,68,13,5.9963925370559545,7.6642475286759435,4.751487081794415
event,-12,daily_load_sum_7d_log1p,68,68,13,6.025804335773921,7.66668746034415,4.798633264276799
event,-11,daily_load_sum_7d_log1p,68,68,13,6.129130700663178,7.673417891185731,4.930413404855366
event,-10,daily_load_sum_7d_log1p,68,68,13,6.209567720977462,7.753381357832236,4.946788232779076
event,-9,daily_load_sum_7d_log1p,68,68,13,6.461359981058015,7.808190943907839,5.151930955261511
event,-8,daily_load_sum_7d_log1p,68,68,13,6.341974147897678,7.8203669887894876,5.087492496042975
event,-7,daily_load_sum_7d_log1p,68,68,13,6.3174533346811685,7.804218090152366,5.077975344229873
event,-6,daily_load_sum_7d_log1p,68,68,13,6.321052305203812,7.824054090791006,5.074127446729954
event,-5,daily_load_sum_7d_log1p,68,68,13,6.457889970340406,7.775134712214484,5.135930631440951
event,-4,daily_load_sum_7d_log1p,68,68,13,6.464774378525677,7.798953246236982,5.131337417692976
event,-3,daily_load_sum_7d_log1p,68,68,13,6.245296052346748,7.676007242887308,5.099400391847539
event,-2,daily_load_sum_7d_log1p,68,68,13,6.3896659525093735,7.742740520459698,5.261883341370149
event,-1,daily_load_sum_7d_log1p,68,68,13,6.502009216304532,7.7621525896112225,5.275833304093213
event,0,daily_load_sum_7d_log1p,68,68,13,7.240308885308535,7.84814546270385,6.906680045730438
reporting_reference,-28,daily_load_sum_7d_log1p,68,68,13,6.465361991443693,7.826202234863819,5.259853211404059
reporting_reference,-27,daily_load_sum_7d_log1p,68,68,13,6.483743418037933,7.836361955254041,5.283781652069866
reporting_reference,-26,daily_load_sum_7d_log1p,68,68,13,6.503490198339968,7.9483852851118995,5.2813577686409925
reporting_reference,-25,daily_load_sum_7d_log1p,68,68,13,6.4600168416627675,8.034619219770637,5.177282621148365
reporting_reference,-24,daily_load_sum_7d_log1p,68,68,13,6.494647273781103,8.086642221516428,5.207903317493014
reporting_reference,-23,daily_load_sum_7d_log1p,68,68,13,6.553056958703255,8.02322468471667,5.26998116822489
reporting_reference,-22,daily_load_sum_7d_log1p,68,68,13,6.559607851540939,8.066165473319415,5.270675005749936
reporting_reference,-21,daily_load_sum_7d_log1p,68,68,13,6.641888364513683,8.07121366018388,5.386927878534976
reporting_reference,-20,daily_load_sum_7d_log1p,68,68,13,6.641192713008239,8.035669236934769,5.395284764580804
reporting_reference,-19,daily_load_sum_7d_log1p,68,68,13,6.628608836395021,7.921336462349574,5.394992549720984
reporting_reference,-18,daily_load_sum_7d_log1p,68,68,13,6.623916400831793,7.890208213109961,5.377335415665309
reporting_reference,-17,daily_load_sum_7d_log1p,68,68,13,6.7446629321042595,7.844048598163136,5.492610578327932
reporting_reference,-16,daily_load_sum_7d_log1p,68,68,13,6.773270512536253,7.9456383643677775,5.543528909713133
reporting_reference,-15,daily_load_sum_7d_log1p,68,68,13,6.679427091555068,7.919554564526362,5.513751406286837
reporting_reference,-14,daily_load_sum_7d_log1p,68,68,13,6.7632200420957185,7.9658867110687055,5.562022343565402
reporting_reference,-13,daily_load_sum_7d_log1p,68,68,13,6.753823281051649,7.901349938509602,5.519345270134955
reporting_reference,-12,daily_load_sum_7d_log1p,68,68,13,6.779699835073182,7.948379046428093,5.537909900118289
reporting_reference,-11,daily_load_sum_7d_log1p,68,68,13,6.6766778662030655,7.868068372308188,5.518875885092399
reporting_reference,-10,daily_load_sum_7d_log1p,68,68,13,6.543728833942119,7.878733665644508,5.35870740562412
reporting_reference,-9,daily_load_sum_7d_log1p,68,68,13,6.653050793444989,7.91050818132853,5.383744927349024
reporting_reference,-8,daily_load_sum_7d_log1p,68,68,13,6.642373435329922,7.857775960732608,5.381031403587553
reporting_reference,-7,daily_load_sum_7d_log1p,68,68,13,6.531357162833764,7.9341488147470365,5.247861386045226
reporting_reference,-6,daily_load_sum_7d_log1p,68,68,13,6.457265162432591,7.960598034616652,5.310545022464049
reporting_reference,-5,daily_load_sum_7d_log1p,68,68,13,6.439224545669588,7.880659708087778,5.215551370764036
reporting_reference,-4,daily_load_sum_7d_log1p,68,68,13,6.570195946639529,7.886203002115948,5.280461886291014
reporting_reference,-3,daily_load_sum_7d_log1p,68,68,13,6.5793186422071335,7.914170449327797,5.291754911782754
reporting_reference,-2,daily_load_sum_7d_log1p,68,68,13,6.537188585415387,7.919554564526362,5.251790888275587
reporting_reference,-1,daily_load_sum_7d_log1p,68,68,13,6.36923765030032,7.818428249476991,5.127872305619619
reporting_reference,0,daily_load_sum_7d_log1p,68,68,13,6.29131278916598,7.830265646094068,5.0520248983887175
calendar_reference,-28,fatigue,49,49,11,2.6530612244897958,3.0,3.1287878787878785
calendar_reference,-27,fatigue,49,49,10,2.5510204081632653,3.0,2.7866666666666666
calendar_reference,-26,fatigue,51,51,11,2.6862745098039214,3.0,2.9049407114624506
calendar_reference,-25,fatigue,48,48,11,2.7083333333333335,3.0,3.0939393939393938
calendar_reference,-24,fatigue,51,51,11,2.549019607843137,3.0,2.9217171717171713
calendar_reference,-23,fatigue,52,52,11,2.673076923076923,3.0,2.95959595959596
calendar_reference,-22,fatigue,49,49,11,2.5510204081632653,3.0,2.868686868686869
calendar_reference,-21,fatigue,51,51,11,2.5098039215686274,2.0,2.958333333333333
calendar_reference,-20,fatigue,50,50,11,2.6,3.0,3.005050505050505
calendar_reference,-19,fatigue,47,47,12,2.5319148936170213,2.0,2.8379629629629632
calendar_reference,-18,fatigue,49,49,11,2.5510204081632653,2.0,3.0164141414141414
calendar_reference,-17,fatigue,42,42,10,2.5714285714285716,3.0,3.0095238095238095
calendar_reference,-16,fatigue,46,46,10,2.652173913043478,3.0,3.055072463768116
calendar_reference,-15,fatigue,52,52,11,2.5576923076923075,3.0,2.792929292929293
calendar_reference,-14,fatigue,51,51,10,2.5294117647058822,3.0,2.8779761904761907
calendar_reference,-13,fatigue,50,50,11,2.72,3.0,3.1261998870694523
calendar_reference,-12,fatigue,50,50,9,2.54,2.5,2.8981481481481484
calendar_reference,-11,fatigue,54,54,12,2.6296296296296298,3.0,3.0844907407407405
calendar_reference,-10,fatigue,49,49,10,2.673469387755102,3.0,3.079761904761905
calendar_reference,-9,fatigue,53,53,12,2.6226415094339623,3.0,2.9791666666666665
calendar_reference,-8,fatigue,52,52,12,2.6346153846153846,3.0,3.0730820105820107
calendar_reference,-7,fatigue,49,49,10,2.4693877551020407,2.0,2.7558333333333334
calendar_reference,-6,fatigue,52,52,11,2.6923076923076925,3.0,2.9356060606060606
calendar_reference,-5,fatigue,50,50,11,2.72,3.0,3.1818181818181817
calendar_reference,-4,fatigue,51,51,11,2.7450980392156863,3.0,3.2305194805194803
calendar_reference,-3,fatigue,47,47,10,2.723404255319149,3.0,2.8954545454545455
calendar_reference,-2,fatigue,51,51,11,2.6470588235294117,3.0,2.9323593073593073
calendar_reference,-1,fatigue,50,50,11,2.6,3.0,2.7992424242424243
calendar_reference,0,fatigue,47,47,11,2.6808510638297873,3.0,3.015546772068511
event,-28,fatigue,37,37,9,2.72972972972973,3.0,2.7444444444444445
event,-27,fatigue,36,36,6,2.7222222222222223,3.0,2.902777777777778
event,-26,fatigue,40,40,9,2.85,3.0,2.961111111111111
event,-25,fatigue,41,41,10,2.8048780487804876,3.0,3.0966666666666667
event,-24,fatigue,39,39,10,2.8461538461538463,3.0,3.028947368421053
event,-23,fatigue,37,37,8,2.6486486486486487,3.0,2.6520833333333336
event,-22,fatigue,39,39,8,2.769230769230769,3.0,2.9595238095238097
event,-21,fatigue,41,41,9,2.8292682926829267,3.0,2.7396825396825397
event,-20,fatigue,40,40,9,2.8,3.0,2.861904761904762
event,-19,fatigue,41,41,10,2.7804878048780486,3.0,3.02
event,-18,fatigue,42,42,9,2.8095238095238093,3.0,3.2272727272727275
event,-17,fatigue,41,41,9,2.902439024390244,3.0,2.83994708994709
event,-16,fatigue,43,43,8,2.7209302325581395,3.0,2.809860248447205
event,-15,fatigue,45,45,10,2.7777777777777777,3.0,3.207575757575758
event,-14,fatigue,46,46,10,2.8260869565217392,3.0,2.778260869565217
event,-13,fatigue,46,46,10,2.6956521739130435,3.0,2.8047619047619046
event,-12,fatigue,48,48,10,2.7291666666666665,3.0,2.937888198757764
event,-11,fatigue,46,46,9,2.5869565217391304,3.0,2.778467908902692
event,-10,fatigue,44,44,8,2.75,3.0,2.7706521739130436
event,-9,fatigue,50,50,11,2.64,3.0,2.6283943329397874
event,-8,fatigue,53,53,10,2.792452830188679,3.0,3.124090909090909
event,-7,fatigue,46,46,10,3.0434782608695654,3.0,3.191123188405797
event,-6,fatigue,48,48,9,3.0,3.0,3.1677018633540373
event,-5,fatigue,44,44,10,2.75,3.0,2.9488095238095235
event,-4,fatigue,44,44,9,2.9545454545454546,3.0,3.1884057971014492
event,-3,fatigue,45,45,10,2.933333333333333,3.0,3.309404761904762
event,-2,fatigue,46,46,9,2.9565217391304346,3.0,3.138720538720539
event,-1,fatigue,47,47,10,2.9574468085106385,3.0,3.0834848484848485
event,0,fatigue,66,66,12,3.0,3.0,3.106193926846101
reporting_reference,-28,fatigue,45,45,10,2.7111111111111112,3.0,2.98
reporting_reference,-27,fatigue,45,45,10,2.577777777777778,3.0,2.8983333333333334
reporting_reference,-26,fatigue,41,41,10,2.658536585365854,3.0,2.8815789473684212
reporting_reference,-25,fatigue,43,43,10,2.6744186046511627,3.0,3.0823809523809524
reporting_reference,-24,fatigue,43,43,10,2.5813953488372094,2.0,2.98
reporting_reference,-23,fatigue,41,41,9,2.731707317073171,3.0,3.107407407407407
reporting_reference,-22,fatigue,45,45,10,2.6666666666666665,3.0,2.9899999999999998
reporting_reference,-21,fatigue,43,43,10,2.558139534883721,2.0,2.955
reporting_reference,-20,fatigue,48,48,10,2.6041666666666665,3.0,2.930833333333333
reporting_reference,-19,fatigue,45,45,10,2.6666666666666665,3.0,3.0207142857142855
reporting_reference,-18,fatigue,45,45,10,2.577777777777778,2.0,3.0107142857142857
reporting_reference,-17,fatigue,39,39,10,2.6153846153846154,3.0,3.011764705882353
reporting_reference,-16,fatigue,43,43,10,2.697674418604651,3.0,3.121052631578947
reporting_reference,-15,fatigue,41,41,10,2.5365853658536586,2.0,2.8600000000000003
reporting_reference,-14,fatigue,40,40,9,2.675,3.0,3.161111111111111
reporting_reference,-13,fatigue,42,42,10,2.619047619047619,3.0,2.9657894736842105
reporting_reference,-12,fatigue,41,41,10,2.6097560975609757,2.0,3.0340476190476187
reporting_reference,-11,fatigue,41,41,10,2.5365853658536586,2.0,2.9216666666666664
reporting_reference,-10,fatigue,43,43,10,2.6744186046511627,3.0,2.975
reporting_reference,-9,fatigue,43,43,10,2.5813953488372094,3.0,2.881666666666667
reporting_reference,-8,fatigue,38,38,9,2.4210526315789473,2.0,2.700925925925926
reporting_reference,-7,fatigue,46,46,10,2.5434782608695654,2.0,2.79
reporting_reference,-6,fatigue,46,46,10,2.760869565217391,3.0,2.927173913043478
reporting_reference,-5,fatigue,47,47,10,2.74468085106383,3.0,3.07987012987013
reporting_reference,-4,fatigue,43,43,9,2.6511627906976742,3.0,3.0797101449275366
reporting_reference,-3,fatigue,43,43,10,2.744186046511628,3.0,3.0100000000000002
reporting_reference,-2,fatigue,46,46,10,2.782608695652174,3.0,3.0721739130434784
reporting_reference,-1,fatigue,46,46,10,2.6739130434782608,3.0,2.916086956521739
reporting_reference,0,fatigue,46,46,10,2.717391304347826,3.0,2.981818181818182
calendar_reference,-28,readiness,49,49,11,5.979591836734694,6.0,6.700757575757575
calendar_reference,-27,readiness,49,49,10,5.836734693877551,6.0,6.531666666666666
calendar_reference,-26,readiness,51,51,11,5.921568627450981,6.0,6.493675889328063
calendar_reference,-25,readiness,48,48,11,5.875,6.0,6.6886363636363635
calendar_reference,-24,readiness,51,51,11,5.686274509803922,5.0,6.167929292929293
calendar_reference,-23,readiness,52,52,11,5.788461538461538,6.0,6.292929292929293
calendar_reference,-22,readiness,49,49,11,5.653061224489796,6.0,5.8106060606060606
calendar_reference,-21,readiness,51,51,11,5.705882352941177,6.0,6.321969696969697
calendar_reference,-20,readiness,50,50,11,5.62,6.0,6.075757575757575
calendar_reference,-19,readiness,47,47,12,5.531914893617022,6.0,5.859953703703703
calendar_reference,-18,readiness,49,49,11,5.755102040816326,6.0,6.377525252525252
calendar_reference,-17,readiness,42,42,10,5.880952380952381,6.0,6.507142857142857
calendar_reference,-16,readiness,46,46,10,5.934782608695652,6.0,6.291062801932368
calendar_reference,-15,readiness,52,52,11,5.634615384615385,6.0,5.959595959595959
calendar_reference,-14,readiness,51,51,10,5.549019607843137,6.0,6.048412698412699
calendar_reference,-13,readiness,50,50,11,6.08,6.0,6.88835560574691
calendar_reference,-12,readiness,50,50,9,5.78,6.0,6.330246913580247
calendar_reference,-11,readiness,54,54,12,5.833333333333333,6.0,6.524305555555556
calendar_reference,-10,readiness,49,49,10,5.714285714285714,6.0,6.358134920634921
calendar_reference,-9,readiness,53,53,12,5.886792452830188,6.0,6.47337962962963
calendar_reference,-8,readiness,52,52,12,5.788461538461538,6.0,6.532572751322751
calendar_reference,-7,readiness,49,49,10,5.755102040816326,6.0,6.205833333333333
calendar_reference,-6,readiness,52,52,11,6.0,6.0,6.345959595959596
calendar_reference,-5,readiness,50,50,11,5.8,6.0,6.534090909090909
calendar_reference,-4,readiness,51,51,11,5.784313725490196,6.0,6.603896103896104
calendar_reference,-3,readiness,49,49,10,5.755102040816326,6.0,6.525
calendar_reference,-2,readiness,51,51,11,5.901960784313726,6.0,6.598484848484848
calendar_reference,-1,readiness,50,50,11,5.86,6.0,6.117424242424243
calendar_reference,0,readiness,48,48,11,5.8125,6.0,6.372402597402598
event,-28,readiness,37,37,9,5.513513513513513,5.0,5.866666666666666
event,-27,readiness,36,36,6,5.666666666666667,6.0,5.838888888888889
event,-26,readiness,40,40,9,5.725,6.0,5.781481481481482
event,-25,readiness,41,41,10,5.7073170731707314,6.0,6.388333333333334
event,-24,readiness,38,38,10,5.7105263157894735,6.0,6.0777777777777775
event,-23,readiness,38,38,8,5.315789473684211,5.0,5.211309523809524
event,-22,readiness,39,39,8,5.769230769230769,6.0,6.3809523809523805
event,-21,readiness,41,41,9,5.609756097560975,6.0,5.973015873015873
event,-20,readiness,39,39,9,5.564102564102564,5.0,5.777151211361737
event,-19,readiness,42,42,10,5.5476190476190474,5.0,6.095714285714285
event,-18,readiness,42,42,9,5.5476190476190474,5.0,6.423088023088023
event,-17,readiness,41,41,9,5.829268292682927,6.0,6.310846560846561
event,-16,readiness,42,42,8,5.666666666666667,6.0,5.917694805194805
event,-15,readiness,46,46,10,5.6521739130434785,6.0,6.4697722567287785
event,-14,readiness,46,46,10,5.804347826086956,6.0,6.128012422360248
event,-13,readiness,46,46,10,5.695652173913044,6.0,6.027705627705627
event,-12,readiness,48,48,10,5.5625,6.0,5.943581780538302
event,-11,readiness,46,46,9,5.543478260869565,6.0,6.143202208419599
event,-10,readiness,43,43,8,5.534883720930233,6.0,5.624715909090909
event,-9,readiness,51,51,11,5.1568627450980395,5.0,5.280844155844156
event,-8,readiness,53,53,10,5.528301886792453,6.0,5.900227272727273
event,-7,readiness,46,46,10,5.673913043478261,6.0,6.251268115942029
event,-6,readiness,48,48,9,5.479166666666667,5.5,5.59472049689441
event,-5,readiness,45,45,10,5.488888888888889,6.0,5.645833333333334
event,-4,readiness,44,44,9,5.7272727272727275,6.0,6.311594202898551
event,-3,readiness,44,44,10,5.659090909090909,5.0,6.158333333333333
event,-2,readiness,47,47,9,5.680851063829787,6.0,5.969726247987118
event,-1,readiness,47,47,10,5.574468085106383,6.0,5.853106060606061
event,0,readiness,66,66,12,5.666666666666667,6.0,5.912209569818265
reporting_reference,-28,readiness,45,45,10,5.822222222222222,6.0,6.027857142857142
reporting_reference,-27,readiness,45,45,10,5.711111111111111,6.0,6.360952380952381
reporting_reference,-26,readiness,41,41,10,5.829268292682927,6.0,6.361528822055138
reporting_reference,-25,readiness,43,43,10,5.906976744186046,6.0,6.562380952380953
reporting_reference,-24,readiness,43,43,10,5.558139534883721,5.0,5.720000000000001
reporting_reference,-23,readiness,41,41,9,5.634146341463414,6.0,5.859259259259259
reporting_reference,-22,readiness,45,45,10,5.688888888888889,6.0,5.9275
reporting_reference,-21,readiness,43,43,10,5.767441860465116,6.0,6.370833333333334
reporting_reference,-20,readiness,48,48,10,5.8125,6.0,6.2775
reporting_reference,-19,readiness,45,45,10,5.822222222222222,6.0,6.263809523809524
reporting_reference,-18,readiness,45,45,10,5.733333333333333,6.0,6.150952380952381
reporting_reference,-17,readiness,39,39,10,5.794871794871795,6.0,6.298739495798319
reporting_reference,-16,readiness,43,43,10,5.930232558139535,6.0,6.2592731829573935
reporting_reference,-15,readiness,41,41,10,5.609756097560975,6.0,5.993333333333333
reporting_reference,-14,readiness,40,40,9,5.55,6.0,6.014814814814815
reporting_reference,-13,readiness,42,42,10,5.904761904761905,6.0,6.315413533834587
reporting_reference,-12,readiness,41,41,10,5.804878048780488,6.0,6.36452380952381
reporting_reference,-11,readiness,41,41,10,5.536585365853658,6.0,5.881666666666667
reporting_reference,-10,readiness,43,43,10,5.767441860465116,6.0,6.1276190476190475
reporting_reference,-9,readiness,43,43,10,5.651162790697675,6.0,5.878333333333333
reporting_reference,-8,readiness,38,38,9,5.473684210526316,5.0,5.847222222222222
reporting_reference,-7,readiness,46,46,10,5.804347826086956,6.0,6.1433333333333335
reporting_reference,-6,readiness,46,46,10,5.913043478260869,6.0,6.123913043478261
reporting_reference,-5,readiness,47,47,10,5.808510638297872,6.0,6.458116883116884
reporting_reference,-4,readiness,44,44,9,5.545454545454546,5.0,5.770169082125603
reporting_reference,-3,readiness,45,45,10,5.733333333333333,6.0,6.289090909090909
reporting_reference,-2,readiness,46,46,10,5.978260869565218,6.0,6.563478260869564
reporting_reference,-1,readiness,46,46,10,5.760869565217392,5.5,6.1786956521739125
reporting_reference,0,readiness,47,47,10,5.808510638297872,6.0,6.317391304347826
calendar_reference,-28,session_count,68,68,13,0.7058823529411765,1.0,0.67506105006105
calendar_reference,-27,session_count,68,68,13,0.6911764705882353,1.0,0.5752442002442002
calendar_reference,-26,session_count,68,68,13,0.6617647058823529,1.0,0.45390720390720396
calendar_reference,-25,session_count,68,68,13,0.6764705882352942,1.0,0.5378510378510378
calendar_reference,-24,session_count,68,68,13,0.75,1.0,0.7478632478632478
calendar_reference,-23,session_count,68,68,13,0.8382352941176471,1.0,0.8928571428571429
calendar_reference,-22,session_count,68,68,13,0.7647058823529411,1.0,0.6903235653235653
calendar_reference,-21,session_count,68,68,13,0.6911764705882353,1.0,0.6288156288156288
calendar_reference,-20,session_count,68,68,13,0.7205882352941176,1.0,0.6753663003663004
calendar_reference,-19,session_count,68,68,13,0.6323529411764706,1.0,0.518925518925519
calendar_reference,-18,session_count,68,68,13,0.6470588235294118,1.0,0.6182844932844933
calendar_reference,-17,session_count,68,68,13,0.6176470588235294,1.0,0.5590659340659341
calendar_reference,-16,session_count,68,68,13,0.8088235294117647,1.0,0.9398656898656899
calendar_reference,-15,session_count,68,68,13,0.7205882352941176,1.0,0.5717338217338217
calendar_reference,-14,session_count,68,68,13,0.6764705882352942,1.0,0.7324481074481075
calendar_reference,-13,session_count,68,68,13,0.6617647058823529,1.0,0.6117216117216118
calendar_reference,-12,session_count,68,68,13,0.8235294117647058,1.0,0.6330891330891331
calendar_reference,-11,session_count,68,68,13,0.5882352941176471,1.0,0.5807387057387057
calendar_reference,-10,session_count,68,68,13,0.6176470588235294,1.0,0.5257936507936508
calendar_reference,-9,session_count,68,68,13,0.7205882352941176,1.0,0.7472527472527472
calendar_reference,-8,session_count,68,68,13,0.6176470588235294,1.0,0.7542735042735043
calendar_reference,-7,session_count,68,68,13,0.5588235294117647,1.0,0.47893772893772896
calendar_reference,-6,session_count,68,68,13,0.7794117647058824,1.0,0.5743284493284494
calendar_reference,-5,session_count,68,68,13,0.5735294117647058,1.0,0.38644688644688646
calendar_reference,-4,session_count,68,68,13,0.7647058823529411,1.0,0.6578144078144079
calendar_reference,-3,session_count,68,68,13,0.5882352941176471,1.0,0.6039377289377289
calendar_reference,-2,session_count,68,68,13,0.6764705882352942,1.0,0.8079975579975579
calendar_reference,-1,session_count,68,68,13,0.6617647058823529,1.0,0.7591575091575091
calendar_reference,0,session_count,68,68,13,0.6029411764705882,1.0,0.42902930402930406
event,-28,session_count,68,68,13,0.5294117647058824,0.0,0.3264652014652014
event,-27,session_count,68,68,13,0.5294117647058824,0.0,0.2506105006105006
event,-26,session_count,68,68,13,0.5,0.0,0.3050976800976801
event,-25,session_count,68,68,13,0.7058823529411765,1.0,0.5573870573870574
event,-24,session_count,68,68,13,0.5882352941176471,1.0,0.4758852258852259
event,-23,session_count,68,68,13,0.5147058823529411,0.0,0.38598901098901095
event,-22,session_count,68,68,13,0.5735294117647058,1.0,0.47084859584859584
event,-21,session_count,68,68,13,0.6323529411764706,1.0,0.5552503052503053
event,-20,session_count,68,68,13,0.6323529411764706,0.5,0.3829365079365079
event,-19,session_count,68,68,13,0.5441176470588235,0.0,0.3608058608058608
event,-18,session_count,68,68,13,0.6911764705882353,1.0,0.3968253968253968
event,-17,session_count,68,68,13,0.6764705882352942,1.0,0.48366910866910867
event,-16,session_count,68,68,13,0.5882352941176471,1.0,0.4557387057387058
event,-15,session_count,68,68,13,0.6029411764705882,1.0,0.5283882783882784
event,-14,session_count,68,68,13,0.6176470588235294,1.0,0.45268620268620263
event,-13,session_count,68,68,13,0.7205882352941176,1.0,0.46184371184371187
event,-12,session_count,68,68,13,0.6617647058823529,1.0,0.3658424908424909
event,-11,session_count,68,68,13,0.7352941176470589,1.0,0.4668803418803419
event,-10,session_count,68,68,13,0.6470588235294118,1.0,0.5277777777777778
event,-9,session_count,68,68,13,0.75,1.0,0.5236568986568987
event,-8,session_count,68,68,13,0.7058823529411765,1.0,0.5033577533577533
event,-7,session_count,68,68,13,0.5882352941176471,1.0,0.49755799755799757
event,-6,session_count,68,68,13,0.6617647058823529,1.0,0.43864468864468864
event,-5,session_count,68,68,13,0.5735294117647058,1.0,0.3514957264957265
event,-4,session_count,68,68,13,0.7794117647058824,1.0,0.5799755799755799
event,-3,session_count,68,68,13,0.7058823529411765,1.0,0.7561050061050061
event,-2,session_count,68,68,13,0.6911764705882353,1.0,0.5222832722832723
event,-1,session_count,68,68,13,0.6911764705882353,1.0,0.6066849816849816
event,0,session_count,68,68,13,0.9558823529411765,1.0,0.8585164835164836
reporting_reference,-28,session_count,68,68,13,0.6176470588235294,1.0,0.4835164835164835
reporting_reference,-27,session_count,68,68,13,0.7205882352941176,1.0,0.6124847374847375
reporting_reference,-26,session_count,68,68,13,0.6323529411764706,1.0,0.5262515262515263
reporting_reference,-25,session_count,68,68,13,0.7058823529411765,1.0,0.5593711843711844
reporting_reference,-24,session_count,68,68,13,0.6176470588235294,1.0,0.5575396825396826
reporting_reference,-23,session_count,68,68,13,0.5441176470588235,1.0,0.4328449328449328
reporting_reference,-22,session_count,68,68,13,0.7352941176470589,1.0,0.5032051282051282
reporting_reference,-21,session_count,68,68,13,0.6617647058823529,1.0,0.5593711843711844
reporting_reference,-20,session_count,68,68,13,0.6470588235294118,1.0,0.6225579975579976
reporting_reference,-19,session_count,68,68,13,0.6176470588235294,1.0,0.5538766788766789
reporting_reference,-18,session_count,68,68,13,0.6176470588235294,1.0,0.4508547008547008
reporting_reference,-17,session_count,68,68,13,0.7647058823529411,1.0,0.6733821733821733
reporting_reference,-16,session_count,68,68,13,0.6617647058823529,1.0,0.6018009768009768
reporting_reference,-15,session_count,68,68,13,0.7058823529411765,1.0,0.5550976800976801
reporting_reference,-14,session_count,68,68,13,0.6764705882352942,1.0,0.597985347985348
reporting_reference,-13,session_count,68,68,13,0.6029411764705882,1.0,0.4429181929181929
reporting_reference,-12,session_count,68,68,13,0.6617647058823529,1.0,0.4993894993894994
reporting_reference,-11,session_count,68,68,13,0.5294117647058824,1.0,0.49297924297924295
reporting_reference,-10,session_count,68,68,13,0.5882352941176471,1.0,0.4833638583638583
reporting_reference,-9,session_count,68,68,13,0.75,1.0,0.6123321123321124
reporting_reference,-8,session_count,68,68,13,0.6911764705882353,1.0,0.6816239316239316
reporting_reference,-7,session_count,68,68,13,0.6323529411764706,1.0,0.5721916971916972
reporting_reference,-6,session_count,68,68,13,0.6911764705882353,1.0,0.5645604395604396
reporting_reference,-5,session_count,68,68,13,0.6617647058823529,1.0,0.4810744810744811
reporting_reference,-4,session_count,68,68,13,0.6176470588235294,1.0,0.4485653235653236
reporting_reference,-3,session_count,68,68,13,0.6029411764705882,1.0,0.5467032967032966
reporting_reference,-2,session_count,68,68,13,0.5882352941176471,1.0,0.4233821733821734
reporting_reference,-1,session_count,68,68,13,0.5441176470588235,0.0,0.5077838827838828
reporting_reference,0,session_count,68,68,13,0.6176470588235294,1.0,0.456959706959707
calendar_reference,-28,session_duration_minutes_log1p,68,68,13,2.9261256179513553,4.2626798770413155,2.9253354471657143
calendar_reference,-27,session_duration_minutes_log1p,68,68,13,2.9922618188737418,4.186776870607313,2.4250113754528657
calendar_reference,-26,session_duration_minutes_log1p,68,68,13,2.5464739393329996,4.110873864173311,1.6186015770337692
calendar_reference,-25,session_duration_minutes_log1p,68,68,13,2.946793253989491,4.2626798770413155,2.3555659600867074
calendar_reference,-24,session_duration_minutes_log1p,68,68,13,3.051391655361591,4.2626798770413155,3.0399031475177574
calendar_reference,-23,session_duration_minutes_log1p,68,68,13,3.2517553593081505,4.2626798770413155,3.170230151687121
calendar_reference,-22,session_duration_minutes_log1p,68,68,13,2.9491628011982436,4.110873864173311,2.450397457639553
calendar_reference,-21,session_duration_minutes_log1p,68,68,13,2.889597005418628,4.394449154672439,2.575398278830545
calendar_reference,-20,session_duration_minutes_log1p,68,68,13,3.0246236779449385,4.110873864173311,2.8300913852296294
calendar_reference,-19,session_duration_minutes_log1p,68,68,13,2.68196470541144,4.110873864173311,2.2153032920592803
calendar_reference,-18,session_duration_minutes_log1p,68,68,13,2.7004366952998202,4.110873864173311,2.6179430716102017
calendar_reference,-17,session_duration_minutes_log1p,68,68,13,2.6154591460468124,4.110873864173311,2.3849316401787917
calendar_reference,-16,session_duration_minutes_log1p,68,68,13,3.173822931036002,4.394449154672439,3.4027395918081216
calendar_reference,-15,session_duration_minutes_log1p,68,68,13,2.8463124692928106,4.110873864173311,2.2097341471842813
calendar_reference,-14,session_duration_minutes_log1p,68,68,13,2.76062118249509,4.110873864173311,2.8878944717801955
calendar_reference,-13,session_duration_minutes_log1p,68,68,13,2.6841583267336055,3.8226988497143166,2.4928845939966044
calendar_reference,-12,session_duration_minutes_log1p,68,68,13,3.1113168279696626,4.110873864173311,2.4132345554377816
calendar_reference,-11,session_duration_minutes_log1p,68,68,13,2.4803835404828227,3.9318256327243257,2.507753484167733
calendar_reference,-10,session_duration_minutes_log1p,68,68,13,2.623467445760404,4.110873864173311,2.227175744641955
calendar_reference,-9,session_duration_minutes_log1p,68,68,13,2.9199001382475553,4.110873864173311,2.9182924800563486
calendar_reference,-8,session_duration_minutes_log1p,68,68,13,2.5420696166799415,4.110873864173311,2.89472164894864
calendar_reference,-7,session_duration_minutes_log1p,68,68,13,2.299339375736199,3.713572066704308,1.9331558741986272
calendar_reference,-6,session_duration_minutes_log1p,68,68,13,3.0058933008217656,4.2626798770413155,2.151266489495354
calendar_reference,-5,session_duration_minutes_log1p,68,68,13,2.371246575274962,3.713572066704308,1.5775534609794515
calendar_reference,-4,session_duration_minutes_log1p,68,68,13,2.895050463170889,4.110873864173311,2.634756125511902
calendar_reference,-3,session_duration_minutes_log1p,68,68,13,2.5629525062924015,4.110873864173311,2.681708886338616
calendar_reference,-2,session_duration_minutes_log1p,68,68,13,2.7002535647927717,3.9318256327243257,2.819212441370428
calendar_reference,-1,session_duration_minutes_log1p,68,68,13,2.6366787745156612,3.9318256327243257,3.0700315472338144
calendar_reference,0,session_duration_minutes_log1p,68,68,13,2.465187317412329,4.021349748448818,1.689560596529175
event,-28,session_duration_minutes_log1p,68,68,13,2.141860243421167,0.0,1.3870681211660807
event,-27,session_duration_minutes_log1p,68,68,13,2.125071869035598,0.0,1.056084806065073
event,-26,session_duration_minutes_log1p,68,68,13,1.8838841618286484,0.0,1.1680294711218744
event,-25,session_duration_minutes_log1p,68,68,13,2.3493389854114155,3.4339872044851463,2.062770582045129
event,-24,session_duration_minutes_log1p,68,68,13,2.3643056257800064,3.8226988497143166,1.897488914201322
event,-23,session_duration_minutes_log1p,68,68,13,1.9482802148478806,0.0,1.5361817616069402
event,-22,session_duration_minutes_log1p,68,68,13,2.2167079110131116,1.856786033352154,1.539368490424034
event,-21,session_duration_minutes_log1p,68,68,13,2.364459170810019,3.713572066704308,2.1474054508780096
event,-20,session_duration_minutes_log1p,68,68,13,2.261190221868425,1.7169936022425731,1.2790649498626605
event,-19,session_duration_minutes_log1p,68,68,13,2.119895318718345,0.0,1.4408475334224038
event,-18,session_duration_minutes_log1p,68,68,13,2.3975440374157535,3.8226988497143166,1.5301706411198785
event,-17,session_duration_minutes_log1p,68,68,13,2.6198510443301775,4.110873864173311,2.051753732165128
event,-16,session_duration_minutes_log1p,68,68,13,2.35102039404665,3.713572066704308,1.822015837711392
event,-15,session_duration_minutes_log1p,68,68,13,2.3848870348030133,3.9318256327243257,2.1413676114200593
event,-14,session_duration_minutes_log1p,68,68,13,2.4992427551919465,3.8226988497143166,1.853189343593784
event,-13,session_duration_minutes_log1p,68,68,13,2.6005511795702474,4.110873864173311,1.815141217575144
event,-12,session_duration_minutes_log1p,68,68,13,2.5006495254179484,4.110873864173311,1.4328746627853295
event,-11,session_duration_minutes_log1p,68,68,13,2.7732282173118765,4.186776870607313,1.8753312494266003
event,-10,session_duration_minutes_log1p,68,68,13,2.6029880777602337,4.110873864173311,1.9270608104285347
event,-9,session_duration_minutes_log1p,68,68,13,2.7750542901893493,4.186776870607313,2.0264764515260905
event,-8,session_duration_minutes_log1p,68,68,13,2.572963957245909,3.9318256327243257,1.7585150681273611
event,-7,session_duration_minutes_log1p,68,68,13,2.480056579564921,4.110873864173311,2.1191461184716127
event,-6,session_duration_minutes_log1p,68,68,13,2.5086251596906073,3.713572066704308,1.7897507269913657
event,-5,session_duration_minutes_log1p,68,68,13,2.406030852174224,3.8226988497143166,1.4660467619236655
event,-4,session_duration_minutes_log1p,68,68,13,2.7554560665840344,4.186776870607313,1.9850624393714946
event,-3,session_duration_minutes_log1p,68,68,13,2.6658933691047735,4.110873864173311,2.257673422692723
event,-2,session_duration_minutes_log1p,68,68,13,2.6437742247106395,4.110873864173311,2.037205596863539
event,-1,session_duration_minutes_log1p,68,68,13,2.6847480729117703,4.110873864173311,2.4913478707576333
event,0,session_duration_minutes_log1p,68,68,13,3.6121418689261335,4.2626798770413155,3.3670030582405985
reporting_reference,-28,session_duration_minutes_log1p,68,68,13,2.6015179014542973,4.110873864173311,2.0098968005456985
reporting_reference,-27,session_duration_minutes_log1p,68,68,13,2.9247008030767216,4.2626798770413155,2.2975301254332874
reporting_reference,-26,session_duration_minutes_log1p,68,68,13,2.64644016289769,4.110873864173311,2.0855805103493226
reporting_reference,-25,session_duration_minutes_log1p,68,68,13,2.959608784101829,4.110873864173311,2.2884570019536175
reporting_reference,-24,session_duration_minutes_log1p,68,68,13,2.6658800231787376,4.110873864173311,2.44988385422871
reporting_reference,-23,session_duration_minutes_log1p,68,68,13,2.2725047100345663,3.4339872044851463,1.849546394319663
reporting_reference,-22,session_duration_minutes_log1p,68,68,13,2.7230825506878937,4.110873864173311,1.8989345759620095
reporting_reference,-21,session_duration_minutes_log1p,68,68,13,2.71009692333638,4.186776870607313,2.0205769076955784
reporting_reference,-20,session_duration_minutes_log1p,68,68,13,2.6337762061781587,4.110873864173311,2.3046052786780944
reporting_reference,-19,session_duration_minutes_log1p,68,68,13,2.5262446256049977,3.9318256327243257,2.168433327927858
reporting_reference,-18,session_duration_minutes_log1p,68,68,13,2.459478598166415,4.110873864173311,1.7404579171709278
reporting_reference,-17,session_duration_minutes_log1p,68,68,13,2.8614683677283543,4.394449154672439,2.2956469576457854
reporting_reference,-16,session_duration_minutes_log1p,68,68,13,2.772128678071222,4.2626798770413155,2.50156734377384
reporting_reference,-15,session_duration_minutes_log1p,68,68,13,2.776160061214584,4.110873864173311,2.0747941771461034
reporting_reference,-14,session_duration_minutes_log1p,68,68,13,2.808913157072237,4.110873864173311,2.403373525016976
reporting_reference,-13,session_duration_minutes_log1p,68,68,13,2.416598198944131,3.713572066704308,1.7820941496181648
reporting_reference,-12,session_duration_minutes_log1p,68,68,13,2.6883752922710937,4.110873864173311,1.9582330510213677
reporting_reference,-11,session_duration_minutes_log1p,68,68,13,2.2374159867578274,3.4339872044851463,2.069682381370597
reporting_reference,-10,session_duration_minutes_log1p,68,68,13,2.526626716630897,4.110873864173311,1.8323113140525167
reporting_reference,-9,session_duration_minutes_log1p,68,68,13,2.978902104005217,4.110873864173311,2.417587604445173
reporting_reference,-8,session_duration_minutes_log1p,68,68,13,2.689309328985936,4.110873864173311,2.351546478141852
reporting_reference,-7,session_duration_minutes_log1p,68,68,13,2.6321891149240924,4.021349748448818,2.371274917232373
reporting_reference,-6,session_duration_minutes_log1p,68,68,13,2.824887121417516,4.2626798770413155,2.1320532513568176
reporting_reference,-5,session_duration_minutes_log1p,68,68,13,2.5480189119019823,3.713572066704308,1.879408087009736
reporting_reference,-4,session_duration_minutes_log1p,68,68,13,2.521296434763054,4.110873864173311,1.868221715884296
reporting_reference,-3,session_duration_minutes_log1p,68,68,13,2.5235537905297876,3.9318256327243257,2.0456287174419896
reporting_reference,-2,session_duration_minutes_log1p,68,68,13,2.4214618066884306,3.713572066704308,1.637384890482634
reporting_reference,-1,session_duration_minutes_log1p,68,68,13,2.077587310298652,0.0,1.8611667197052837
reporting_reference,0,session_duration_minutes_log1p,68,68,13,2.4960711996056433,4.110873864173311,1.7896922127710448
calendar_reference,-28,session_duration_sum_28d_log1p,68,68,13,6.525448991078115,7.438971592395862,5.607833480572447
calendar_reference,-27,session_duration_sum_28d_log1p,68,68,13,6.526906883838758,7.462214939768189,5.612699719949976
calendar_reference,-26,session_duration_sum_28d_log1p,68,68,13,6.521139288974049,7.467942332285852,5.603989214678742
calendar_reference,-25,session_duration_sum_28d_log1p,68,68,13,6.5149677700317055,7.4707897203910285,5.594401498826422
calendar_reference,-24,session_duration_sum_28d_log1p,68,68,13,6.516550692432644,7.453524106830191,5.608671294947327
calendar_reference,-23,session_duration_sum_28d_log1p,68,68,13,6.520743993846558,7.473637108496206,5.626560655406168
calendar_reference,-22,session_duration_sum_28d_log1p,68,68,13,6.52621907679264,7.487729842675186,5.6290904657725385
calendar_reference,-21,session_duration_sum_28d_log1p,68,68,13,6.521943514499106,7.482114960536247,5.628425394892266
calendar_reference,-20,session_duration_sum_28d_log1p,68,68,13,6.525600584332363,7.4707897203910285,5.64103635953963
calendar_reference,-19,session_duration_sum_28d_log1p,68,68,13,6.5862964090644205,7.470757288775511,5.992483512913936
calendar_reference,-18,session_duration_sum_28d_log1p,68,68,13,6.589623207635389,7.441902433144028,6.0397272836800004
calendar_reference,-17,session_duration_sum_28d_log1p,68,68,13,6.581909967495662,7.418176319104344,6.040186989028296
calendar_reference,-16,session_duration_sum_28d_log1p,68,68,13,6.595352226849172,7.427126438746987,6.0862586335378985
calendar_reference,-15,session_duration_sum_28d_log1p,68,68,13,6.602053252597307,7.430109741153598,6.090943782139229
calendar_reference,-14,session_duration_sum_28d_log1p,68,68,13,6.609875071951984,7.433005401243793,6.11302836532677
calendar_reference,-13,session_duration_sum_28d_log1p,68,68,13,6.605354808415809,7.43307534889858,6.1330360452287405
calendar_reference,-12,session_duration_sum_28d_log1p,68,68,13,6.6154829114296945,7.43307534889858,6.146377190340356
calendar_reference,-11,session_duration_sum_28d_log1p,68,68,13,6.613759908624311,7.435988703650405,6.149053875052766
calendar_reference,-10,session_duration_sum_28d_log1p,68,68,13,6.609423743442893,7.456454555176209,6.145353263884669
calendar_reference,-9,session_duration_sum_28d_log1p,68,68,13,6.6089953104711885,7.453524106830191,6.154089348289569
calendar_reference,-8,session_duration_sum_28d_log1p,68,68,13,6.594496783678314,7.459334747472199,6.1648931870879355
calendar_reference,-7,session_duration_sum_28d_log1p,68,68,13,6.58249736716418,7.453557675693874,6.161555068846918
calendar_reference,-6,session_duration_sum_28d_log1p,68,68,13,6.593929170669951,7.444764952037394,6.172477635647476
calendar_reference,-5,session_duration_sum_28d_log1p,68,68,13,6.5919065892036315,7.447645144333384,6.1676119105398985
calendar_reference,-4,session_duration_sum_28d_log1p,68,68,13,6.60302226367181,7.427126438746987,6.1746735228242775
calendar_reference,-3,session_duration_sum_28d_log1p,68,68,13,6.604649819788499,7.427126438746987,6.184030089668625
calendar_reference,-2,session_duration_sum_28d_log1p,68,68,13,6.604676777589945,7.4151026122493535,6.186584378594623
calendar_reference,-1,session_duration_sum_28d_log1p,68,68,13,6.60195568127989,7.396929806412883,6.192013668820568
calendar_reference,0,session_duration_sum_28d_log1p,68,68,13,6.595139130690762,7.390798521735676,6.171663661204537
event,-28,session_duration_sum_28d_log1p,68,68,13,5.034313096874369,6.716429857044181,3.8453925194706717
event,-27,session_duration_sum_28d_log1p,68,68,13,4.971759809162103,6.775349801394341,3.8231581397566834
event,-26,session_duration_sum_28d_log1p,68,68,13,5.059700519043933,6.856628715794973,3.9283079845729825
event,-25,session_duration_sum_28d_log1p,68,68,13,5.164844140365988,6.937107138602286,4.310973755049712
event,-24,session_duration_sum_28d_log1p,68,68,13,5.189832629987289,6.97156959425808,4.266971227518345
event,-23,session_duration_sum_28d_log1p,68,68,13,5.1877595733172095,6.984099084013371,4.27176783862385
event,-22,session_duration_sum_28d_log1p,68,68,13,5.236619326864186,6.973072441569236,4.363609104295191
event,-21,session_duration_sum_28d_log1p,68,68,13,5.323695959804015,7.008993402128123,4.213213409465545
event,-20,session_duration_sum_28d_log1p,68,68,13,5.411834560041965,7.015242818985135,4.246736518374694
event,-19,session_duration_sum_28d_log1p,68,68,13,5.331310062104063,7.059778131453567,4.224049652188152
event,-18,session_duration_sum_28d_log1p,68,68,13,5.316992162628854,7.0825485693553,4.219188599240537
event,-17,session_duration_sum_28d_log1p,68,68,13,5.412458773997521,7.131410888003719,4.2666817308601415
event,-16,session_duration_sum_28d_log1p,68,68,13,5.489385962230838,7.1068885760811416,4.437080611671292
event,-15,session_duration_sum_28d_log1p,68,68,13,5.596095299245613,7.115285079022452,4.522400449366352
event,-14,session_duration_sum_28d_log1p,68,68,13,5.635670026812176,7.131187067199868,4.565484159351234
event,-13,session_duration_sum_28d_log1p,68,68,13,5.668671446746217,7.154633972289783,4.596912357555901
event,-12,session_duration_sum_28d_log1p,68,68,13,5.756357504742589,7.199806611521135,4.631929397049883
event,-11,session_duration_sum_28d_log1p,68,68,13,5.791719936766921,7.226400973246106,4.659191069864214
event,-10,session_duration_sum_28d_log1p,68,68,13,5.878468705004354,7.248497749094911,4.70343440095729
event,-9,session_duration_sum_28d_log1p,68,68,13,6.0250862252332915,7.265908979043854,4.8438332884319415
event,-8,session_duration_sum_28d_log1p,68,68,13,6.063202135867957,7.28339515830048,4.8815341910136505
event,-7,session_duration_sum_28d_log1p,68,68,13,6.08144779706007,7.293697720601438,4.902497568370436
event,-6,session_duration_sum_28d_log1p,68,68,13,6.088885449196262,7.2377523498731495,4.904645691788033
event,-5,session_duration_sum_28d_log1p,68,68,13,6.106633995688247,7.219313682366059,4.90787043759134
event,-4,session_duration_sum_28d_log1p,68,68,13,6.127309111133424,7.244941546337007,4.930787948624998
event,-3,session_duration_sum_28d_log1p,68,68,13,6.135651585368771,7.286290457062777,4.9479282527496915
event,-2,session_duration_sum_28d_log1p,68,68,13,6.28023447977086,7.279628133308776,5.112283226721304
event,-1,session_duration_sum_28d_log1p,68,68,13,6.360237025120108,7.307202314764738,5.162645064992464
event,0,session_duration_sum_28d_log1p,68,68,13,6.810404149822747,7.346655163176539,6.315119431204958
reporting_reference,-28,session_duration_sum_28d_log1p,68,68,13,6.181401185755058,7.433057862902238,4.960566931221303
reporting_reference,-27,session_duration_sum_28d_log1p,68,68,13,6.181203279749746,7.441902433144028,4.963363607953701
reporting_reference,-26,session_duration_sum_28d_log1p,68,68,13,6.179790486592472,7.4505088405922155,4.964044257319838
reporting_reference,-25,session_duration_sum_28d_log1p,68,68,13,6.179282706303526,7.450643914534201,4.961998134342673
reporting_reference,-24,session_duration_sum_28d_log1p,68,68,13,6.178814318931318,7.456387803089022,4.970655043704012
reporting_reference,-23,session_duration_sum_28d_log1p,68,68,13,6.172024896578243,7.415175109613295,4.976774922069006
reporting_reference,-22,session_duration_sum_28d_log1p,68,68,13,6.183480501732636,7.456454555176209,4.981486751315054
reporting_reference,-21,session_duration_sum_28d_log1p,68,68,13,6.252062440617609,7.479299637782834,5.072954297998939
reporting_reference,-20,session_duration_sum_28d_log1p,68,68,13,6.251759860623218,7.4707897203910285,5.080494996220062
reporting_reference,-19,session_duration_sum_28d_log1p,68,68,13,6.244072342883733,7.456437867989864,5.079286223162111
reporting_reference,-18,session_duration_sum_28d_log1p,68,68,13,6.244377784411595,7.400004846855552,5.085896994453804
reporting_reference,-17,session_duration_sum_28d_log1p,68,68,13,6.325265503771469,7.384610383176974,5.188962917656269
reporting_reference,-16,session_duration_sum_28d_log1p,68,68,13,6.32561288184537,7.415175109613295,5.196152224718097
reporting_reference,-15,session_duration_sum_28d_log1p,68,68,13,6.32556566853926,7.421177528595393,5.198393687257338
reporting_reference,-14,session_duration_sum_28d_log1p,68,68,13,6.3300738420649605,7.456454555176209,5.206668900610623
reporting_reference,-13,session_duration_sum_28d_log1p,68,68,13,6.3252939278204705,7.447645144333384,5.205269078145931
reporting_reference,-12,session_duration_sum_28d_log1p,68,68,13,6.317210607765624,7.436023470647221,5.203780213384202
reporting_reference,-11,session_duration_sum_28d_log1p,68,68,13,6.306602694859377,7.412155776766712,5.199330432634019
reporting_reference,-10,session_duration_sum_28d_log1p,68,68,13,6.3010358600956184,7.412119309842742,5.19271706816592
reporting_reference,-9,session_duration_sum_28d_log1p,68,68,13,6.30711779757492,7.436023470647221,5.198726771167438
reporting_reference,-8,session_duration_sum_28d_log1p,68,68,13,6.3110098940657124,7.427126438746987,5.208530836077629
reporting_reference,-7,session_duration_sum_28d_log1p,68,68,13,6.309624662046974,7.414522254604127,5.208938792395566
reporting_reference,-6,session_duration_sum_28d_log1p,68,68,13,6.3130548840432015,7.396478485309045,5.210210806093328
reporting_reference,-5,session_duration_sum_28d_log1p,68,68,13,6.317875716810783,7.36896543277363,5.207978233357554
reporting_reference,-4,session_duration_sum_28d_log1p,68,68,13,6.318167099280744,7.418176319104344,5.199400660868813
reporting_reference,-3,session_duration_sum_28d_log1p,68,68,13,6.319709655636752,7.3783837129967145,5.197535102454095
reporting_reference,-2,session_duration_sum_28d_log1p,68,68,13,6.314317553837028,7.403061091090091,5.182396548511014
reporting_reference,-1,session_duration_sum_28d_log1p,68,68,13,6.306829610915554,7.390798521735676,5.181790690146467
reporting_reference,0,session_duration_sum_28d_log1p,68,68,13,6.308955315596567,7.390798521735676,5.178084859760499
calendar_reference,-28,session_duration_sum_7d_log1p,68,68,13,5.173384774038291,5.929500718867068,4.574179809368255
calendar_reference,-27,session_duration_sum_7d_log1p,68,68,13,5.175677113606658,5.9557534675560335,4.5936142209369875
calendar_reference,-26,session_duration_sum_7d_log1p,68,68,13,5.196513805814434,6.066108090103747,4.60223597014147
calendar_reference,-25,session_duration_sum_7d_log1p,68,68,13,5.234241730096632,6.030613024089307,4.600504301628396
calendar_reference,-24,session_duration_sum_7d_log1p,68,68,13,5.285793980809972,6.154858094016418,4.653704822677975
calendar_reference,-23,session_duration_sum_7d_log1p,68,68,13,5.337354540136261,6.165362682061089,4.6987368695557015
calendar_reference,-22,session_duration_sum_7d_log1p,68,68,13,5.352122328946786,6.19644412779452,4.691207770677865
calendar_reference,-21,session_duration_sum_7d_log1p,68,68,13,5.279605441499769,6.175867270105761,4.631068064005609
calendar_reference,-20,session_duration_sum_7d_log1p,68,68,13,5.3409541738530315,6.144128068506533,4.673261578899887
calendar_reference,-19,session_duration_sum_7d_log1p,68,68,13,5.401070337811161,6.111467339502679,5.023343167212401
calendar_reference,-18,session_duration_sum_7d_log1p,68,68,13,5.390241976296117,6.077576482775297,5.057787763787147
calendar_reference,-17,session_duration_sum_7d_log1p,68,68,13,5.344840305550645,6.066108090103747,5.000693318507148
calendar_reference,-16,session_duration_sum_7d_log1p,68,68,13,5.2805418309984065,6.066108090103747,4.9353918743867995
calendar_reference,-15,session_duration_sum_7d_log1p,68,68,13,5.151305674856897,6.066108090103747,4.864544893619141
calendar_reference,-14,session_duration_sum_7d_log1p,68,68,13,5.140816893716867,6.066108090103747,4.884741469689817
calendar_reference,-13,session_duration_sum_7d_log1p,68,68,13,5.1262086077197235,5.981334493645967,4.875235425665084
calendar_reference,-12,session_duration_sum_7d_log1p,68,68,13,5.376845149076993,5.981334493645967,5.037523986671112
calendar_reference,-11,session_duration_sum_7d_log1p,68,68,13,5.358023446153174,5.9557534675560335,5.031080743603945
calendar_reference,-10,session_duration_sum_7d_log1p,68,68,13,5.351091311929823,5.968380401216635,5.013177468803098
calendar_reference,-9,session_duration_sum_7d_log1p,68,68,13,5.309589434177735,5.968707559985366,4.945444934067699
calendar_reference,-8,session_duration_sum_7d_log1p,68,68,13,5.2740619421015,5.993961427306569,4.98851087705612
calendar_reference,-7,session_duration_sum_7d_log1p,68,68,13,5.176539403297968,5.929500718867068,4.839272961269561
calendar_reference,-6,session_duration_sum_7d_log1p,68,68,13,5.272002309687699,6.018593214496234,4.925269801230872
calendar_reference,-5,session_duration_sum_7d_log1p,68,68,13,5.190063048472186,5.942799375126701,4.859319913560315
calendar_reference,-4,session_duration_sum_7d_log1p,68,68,13,5.185985358663969,5.993961427306569,4.862404604916791
calendar_reference,-3,session_duration_sum_7d_log1p,68,68,13,5.1826413524142305,5.916202062607435,4.887154401086651
calendar_reference,-2,session_duration_sum_7d_log1p,68,68,13,5.178997341684447,5.916202062607435,4.909955890348905
calendar_reference,-1,session_duration_sum_7d_log1p,68,68,13,5.190739374656907,5.902540010470158,4.902378687425083
calendar_reference,0,session_duration_sum_7d_log1p,68,68,13,5.2197906721168925,5.942799375126701,4.8888524935967235
event,-28,session_duration_sum_7d_log1p,68,68,13,3.8698907032923917,5.901792799296283,2.8214674742602095
event,-27,session_duration_sum_7d_log1p,68,68,13,3.851128798340068,5.802118375377063,2.779511758768223
event,-26,session_duration_sum_7d_log1p,68,68,13,3.931387484731807,5.739275693939446,2.8646296930891446
event,-25,session_duration_sum_7d_log1p,68,68,13,3.965070164697024,5.755617017654625,3.1331849077463554
event,-24,session_duration_sum_7d_log1p,68,68,13,4.039090605430997,5.739792912179234,3.2438523974275335
event,-23,session_duration_sum_7d_log1p,68,68,13,4.014704329182418,5.655838968252619,3.233654732939177
event,-22,session_duration_sum_7d_log1p,68,68,13,4.10364642569427,5.749570446399805,3.3224644949799944
event,-21,session_duration_sum_7d_log1p,68,68,13,4.2894650957214315,5.739275693939446,3.5034169672654634
event,-20,session_duration_sum_7d_log1p,68,68,13,4.3660748748150215,5.755617017654625,3.530922840943676
event,-19,session_duration_sum_7d_log1p,68,68,13,4.380373822254757,5.860380217808199,3.5429913982096406
event,-18,session_duration_sum_7d_log1p,68,68,13,4.356580832704796,5.874832090899373,3.4972220580168116
event,-17,session_duration_sum_7d_log1p,68,68,13,4.370672521902064,5.874832090899373,3.429471883947306
event,-16,session_duration_sum_7d_log1p,68,68,13,4.546167298310337,5.846334350374692,3.686443679021162
event,-15,session_duration_sum_7d_log1p,68,68,13,4.653501897340063,5.846334350374692,3.7604616078705573
event,-14,session_duration_sum_7d_log1p,68,68,13,4.670663459629128,5.846334350374692,3.7550767874126687
event,-13,session_duration_sum_7d_log1p,68,68,13,4.640161660217906,5.929500718867068,3.6817204888917896
event,-12,session_duration_sum_7d_log1p,68,68,13,4.665215262984573,5.874832090899373,3.7151051682703105
event,-11,session_duration_sum_7d_log1p,68,68,13,4.748161874489484,5.993961427306569,3.8146769999474346
event,-10,session_duration_sum_7d_log1p,68,68,13,4.8117003543836665,5.942799375126701,3.8344306132395953
event,-9,session_duration_sum_7d_log1p,68,68,13,5.018658173905401,6.005670196833874,3.989743094534554
event,-8,session_duration_sum_7d_log1p,68,68,13,4.916366497226157,5.980696294811468,3.9272466043635297
event,-7,session_duration_sum_7d_log1p,68,68,13,4.921829725155305,6.054370461893065,3.933370469374693
event,-6,session_duration_sum_7d_log1p,68,68,13,4.9096614278896515,6.066108090103747,3.912056550097304
event,-5,session_duration_sum_7d_log1p,68,68,13,4.991596213099752,6.042350652299991,3.9543959406743285
event,-4,session_duration_sum_7d_log1p,68,68,13,4.985849113110034,5.993961427306569,3.9495580951023546
event,-3,session_duration_sum_7d_log1p,68,68,13,4.827164685833697,6.018593214496234,3.939974726776709
event,-2,session_duration_sum_7d_log1p,68,68,13,4.938551652863442,6.018297130494475,4.072192201970106
event,-1,session_duration_sum_7d_log1p,68,68,13,5.0109234767333275,6.100256107474762,4.08398776664929
event,0,session_duration_sum_7d_log1p,68,68,13,5.559998720185262,6.089044875446846,5.277520445292783
reporting_reference,-28,session_duration_sum_7d_log1p,68,68,13,4.929821623552755,5.902540010470158,4.0468956585879345
reporting_reference,-27,session_duration_sum_7d_log1p,68,68,13,4.9423863835852115,5.9424548112964,4.063988995088088
reporting_reference,-26,session_duration_sum_7d_log1p,68,68,13,4.961771058404914,6.030034758705158,4.067204026905182
reporting_reference,-25,session_duration_sum_7d_log1p,68,68,13,4.921044094412617,6.089044875446846,3.9742004544077507
reporting_reference,-24,session_duration_sum_7d_log1p,68,68,13,4.952801352079171,6.122432691249664,3.9963885066918077
reporting_reference,-23,session_duration_sum_7d_log1p,68,68,13,4.975312934001613,6.07705008659253,4.021630907043957
reporting_reference,-22,session_duration_sum_7d_log1p,68,68,13,4.983965657555312,6.133398042996649,4.024382117679156
reporting_reference,-21,session_duration_sum_7d_log1p,68,68,13,5.054601130406648,6.133398042996649,4.115368929670254
reporting_reference,-20,session_duration_sum_7d_log1p,68,68,13,5.0505543144501885,6.042632833682381,4.127758185793856
reporting_reference,-19,session_duration_sum_7d_log1p,68,68,13,5.040037384404144,6.036659046971822,4.135026870010317
reporting_reference,-18,session_duration_sum_7d_log1p,68,68,13,5.034845551907093,5.9424548112964,4.1224038652993045
reporting_reference,-17,session_duration_sum_7d_log1p,68,68,13,5.1273299653155515,5.929500718867068,4.2159427238150835
reporting_reference,-16,session_duration_sum_7d_log1p,68,68,13,5.161073022447678,6.006277320901402,4.252522678099273
reporting_reference,-15,session_duration_sum_7d_log1p,68,68,13,5.0922313324399555,6.066108090103747,4.2264057896046845
reporting_reference,-14,session_duration_sum_7d_log1p,68,68,13,5.152815411513088,6.066108090103747,4.264317414362219
reporting_reference,-13,session_duration_sum_7d_log1p,68,68,13,5.140363546274161,5.962272464725098,4.22709924841411
reporting_reference,-12,session_duration_sum_7d_log1p,68,68,13,5.152830049953601,5.968707559985366,4.227958169657413
reporting_reference,-11,session_duration_sum_7d_log1p,68,68,13,5.058270339731679,5.942799375126701,4.212479467995309
reporting_reference,-10,session_duration_sum_7d_log1p,68,68,13,4.9454080946105945,5.942799375126701,4.080827376722784
reporting_reference,-9,session_duration_sum_7d_log1p,68,68,13,5.023495482185085,5.902540010470158,4.102795071339364
reporting_reference,-8,session_duration_sum_7d_log1p,68,68,13,5.010990973978078,5.942799375126701,4.102225984277771
reporting_reference,-7,session_duration_sum_7d_log1p,68,68,13,4.919123818774998,5.929500718867068,3.991282610780981
reporting_reference,-6,session_duration_sum_7d_log1p,68,68,13,4.884580682379372,5.942799375126701,4.050384151543962
reporting_reference,-5,session_duration_sum_7d_log1p,68,68,13,4.884136288459074,5.981334493645967,3.9894875141791895
reporting_reference,-4,session_duration_sum_7d_log1p,68,68,13,4.987006002339302,5.993961427306569,4.033263904390327
reporting_reference,-3,session_duration_sum_7d_log1p,68,68,13,4.990378344271701,5.9557534675560335,4.046711930794289
reporting_reference,-2,session_duration_sum_7d_log1p,68,68,13,4.952258625078368,5.8888779583328805,4.001708340892521
reporting_reference,-1,session_duration_sum_7d_log1p,68,68,13,4.819668398405651,5.860380217808199,3.901984041539843
reporting_reference,0,session_duration_sum_7d_log1p,68,68,13,4.772418460824605,5.902540010470158,3.8462086921098693
calendar_reference,-28,session_recorded,68,68,13,0.6617647058823529,1.0,0.6448412698412699
calendar_reference,-27,session_recorded,68,68,13,0.6764705882352942,1.0,0.5496031746031746
calendar_reference,-26,session_recorded,68,68,13,0.5735294117647058,1.0,0.3595848595848596
calendar_reference,-25,session_recorded,68,68,13,0.6617647058823529,1.0,0.5186202686202687
calendar_reference,-24,session_recorded,68,68,13,0.6911764705882353,1.0,0.6846764346764347
calendar_reference,-23,session_recorded,68,68,13,0.75,1.0,0.7005494505494506
calendar_reference,-22,session_recorded,68,68,13,0.6764705882352942,1.0,0.5865384615384616
calendar_reference,-21,session_recorded,68,68,13,0.6470588235294118,1.0,0.5753968253968254
calendar_reference,-20,session_recorded,68,68,13,0.7058823529411765,1.0,0.6668192918192919
calendar_reference,-19,session_recorded,68,68,13,0.6176470588235294,1.0,0.5134310134310135
calendar_reference,-18,session_recorded,68,68,13,0.6176470588235294,1.0,0.5935592185592186
calendar_reference,-17,session_recorded,68,68,13,0.5882352941176471,1.0,0.5312881562881563
calendar_reference,-16,session_recorded,68,68,13,0.7205882352941176,1.0,0.7582417582417583
calendar_reference,-15,session_recorded,68,68,13,0.6470588235294118,1.0,0.5009157509157509
calendar_reference,-14,session_recorded,68,68,13,0.6323529411764706,1.0,0.6683455433455433
calendar_reference,-13,session_recorded,68,68,13,0.6176470588235294,1.0,0.572039072039072
calendar_reference,-12,session_recorded,68,68,13,0.7058823529411765,1.0,0.5415140415140415
calendar_reference,-11,session_recorded,68,68,13,0.5735294117647058,1.0,0.5752442002442002
calendar_reference,-10,session_recorded,68,68,13,0.6029411764705882,1.0,0.5065628815628815
calendar_reference,-9,session_recorded,68,68,13,0.6911764705882353,1.0,0.7023809523809524
calendar_reference,-8,session_recorded,68,68,13,0.5882352941176471,1.0,0.6517094017094016
calendar_reference,-7,session_recorded,68,68,13,0.5441176470588235,1.0,0.45329670329670324
calendar_reference,-6,session_recorded,68,68,13,0.6764705882352942,1.0,0.501984126984127
calendar_reference,-5,session_recorded,68,68,13,0.5588235294117647,1.0,0.3672161172161172
calendar_reference,-4,session_recorded,68,68,13,0.6617647058823529,1.0,0.5918803418803419
calendar_reference,-3,session_recorded,68,68,13,0.5882352941176471,1.0,0.6039377289377289
calendar_reference,-2,session_recorded,68,68,13,0.6323529411764706,1.0,0.6349206349206349
calendar_reference,-1,session_recorded,68,68,13,0.6176470588235294,1.0,0.7194749694749695
calendar_reference,0,session_recorded,68,68,13,0.5588235294117647,1.0,0.37866300366300365
event,-28,session_recorded,68,68,13,0.4852941176470588,0.0,0.31456043956043955
event,-27,session_recorded,68,68,13,0.4852941176470588,0.0,0.240995115995116
event,-26,session_recorded,68,68,13,0.4411764705882353,0.0,0.273962148962149
event,-25,session_recorded,68,68,13,0.5147058823529411,1.0,0.4568070818070818
event,-24,session_recorded,68,68,13,0.5294117647058824,1.0,0.42246642246642246
event,-23,session_recorded,68,68,13,0.4411764705882353,0.0,0.3475274725274725
event,-22,session_recorded,68,68,13,0.5147058823529411,1.0,0.33943833943833945
event,-21,session_recorded,68,68,13,0.5294117647058824,1.0,0.48244810744810745
event,-20,session_recorded,68,68,13,0.5,0.5,0.2878510378510378
event,-19,session_recorded,68,68,13,0.4852941176470588,0.0,0.33501221001221004
event,-18,session_recorded,68,68,13,0.5294117647058824,1.0,0.3562271062271062
event,-17,session_recorded,68,68,13,0.5882352941176471,1.0,0.4568070818070818
event,-16,session_recorded,68,68,13,0.5441176470588235,1.0,0.42780830280830284
event,-15,session_recorded,68,68,13,0.5441176470588235,1.0,0.4931318681318681
event,-14,session_recorded,68,68,13,0.5588235294117647,1.0,0.42155067155067155
event,-13,session_recorded,68,68,13,0.5735294117647058,1.0,0.4068986568986569
event,-12,session_recorded,68,68,13,0.5735294117647058,1.0,0.33669108669108666
event,-11,session_recorded,68,68,13,0.6176470588235294,1.0,0.4305555555555556
event,-10,session_recorded,68,68,13,0.5882352941176471,1.0,0.43589743589743585
event,-9,session_recorded,68,68,13,0.6176470588235294,1.0,0.4581807081807082
event,-8,session_recorded,68,68,13,0.5882352941176471,1.0,0.4049145299145299
event,-7,session_recorded,68,68,13,0.5588235294117647,1.0,0.4911477411477411
event,-6,session_recorded,68,68,13,0.5735294117647058,1.0,0.4194139194139194
event,-5,session_recorded,68,68,13,0.5588235294117647,1.0,0.34294871794871795
event,-4,session_recorded,68,68,13,0.6323529411764706,1.0,0.4505494505494505
event,-3,session_recorded,68,68,13,0.6029411764705882,1.0,0.4911477411477412
event,-2,session_recorded,68,68,13,0.5882352941176471,1.0,0.45268620268620263
event,-1,session_recorded,68,68,13,0.6029411764705882,1.0,0.5627289377289377
event,0,session_recorded,68,68,13,0.8235294117647058,1.0,0.7876984126984128
reporting_reference,-28,session_recorded,68,68,13,0.5882352941176471,1.0,0.45238095238095244
reporting_reference,-27,session_recorded,68,68,13,0.6617647058823529,1.0,0.5227411477411478
reporting_reference,-26,session_recorded,68,68,13,0.6029411764705882,1.0,0.47496947496947495
reporting_reference,-25,session_recorded,68,68,13,0.6764705882352942,1.0,0.5282356532356532
reporting_reference,-24,session_recorded,68,68,13,0.6029411764705882,1.0,0.5520451770451771
reporting_reference,-23,session_recorded,68,68,13,0.5441176470588235,1.0,0.4328449328449328
reporting_reference,-22,session_recorded,68,68,13,0.6176470588235294,1.0,0.42918192918192916
reporting_reference,-21,session_recorded,68,68,13,0.6176470588235294,1.0,0.45467032967032966
reporting_reference,-20,session_recorded,68,68,13,0.6029411764705882,1.0,0.5315934065934066
reporting_reference,-19,session_recorded,68,68,13,0.5882352941176471,1.0,0.509004884004884
reporting_reference,-18,session_recorded,68,68,13,0.5588235294117647,1.0,0.394993894993895
reporting_reference,-17,session_recorded,68,68,13,0.6323529411764706,1.0,0.4945054945054945
reporting_reference,-16,session_recorded,68,68,13,0.6323529411764706,1.0,0.5676129426129426
reporting_reference,-15,session_recorded,68,68,13,0.6323529411764706,1.0,0.46321733821733824
reporting_reference,-14,session_recorded,68,68,13,0.6470588235294118,1.0,0.5531135531135531
reporting_reference,-13,session_recorded,68,68,13,0.5588235294117647,1.0,0.4233821733821734
reporting_reference,-12,session_recorded,68,68,13,0.6323529411764706,1.0,0.45451770451770446
reporting_reference,-11,session_recorded,68,68,13,0.5294117647058824,1.0,0.49297924297924295
reporting_reference,-10,session_recorded,68,68,13,0.5735294117647058,1.0,0.4064407814407814
reporting_reference,-9,session_recorded,68,68,13,0.6911764705882353,1.0,0.5564713064713065
reporting_reference,-8,session_recorded,68,68,13,0.6176470588235294,1.0,0.5213675213675214
reporting_reference,-7,session_recorded,68,68,13,0.6176470588235294,1.0,0.552960927960928
reporting_reference,-6,session_recorded,68,68,13,0.6323529411764706,1.0,0.4949633699633699
reporting_reference,-5,session_recorded,68,68,13,0.6029411764705882,1.0,0.44536019536019533
reporting_reference,-4,session_recorded,68,68,13,0.5735294117647058,1.0,0.4183455433455433
reporting_reference,-3,session_recorded,68,68,13,0.5882352941176471,1.0,0.46978021978021983
reporting_reference,-2,session_recorded,68,68,13,0.5588235294117647,1.0,0.37210012210012205
reporting_reference,-1,session_recorded,68,68,13,0.4852941176470588,0.0,0.43513431013431014
reporting_reference,0,session_recorded,68,68,13,0.5588235294117647,1.0,0.4010989010989011
calendar_reference,-28,wellness_metric_count,68,68,13,5.044117647058823,7.0,4.446581196581197
calendar_reference,-27,wellness_metric_count,68,68,13,5.044117647058823,7.0,4.52991452991453
calendar_reference,-26,wellness_metric_count,68,68,13,5.25,7.0,4.8664529914529915
calendar_reference,-25,wellness_metric_count,68,68,13,4.9411764705882355,7.0,4.260683760683761
calendar_reference,-24,wellness_metric_count,68,68,13,5.25,7.0,4.916666666666666
calendar_reference,-23,wellness_metric_count,68,68,13,5.352941176470588,7.0,4.955128205128205
calendar_reference,-22,wellness_metric_count,68,68,13,5.044117647058823,7.0,4.698717948717949
calendar_reference,-21,wellness_metric_count,68,68,13,5.25,7.0,4.916666666666666
calendar_reference,-20,wellness_metric_count,68,68,13,5.147058823529412,7.0,4.782051282051282
calendar_reference,-19,wellness_metric_count,68,68,13,4.838235294117647,7.0,4.743589743589744
calendar_reference,-18,wellness_metric_count,68,68,13,5.044117647058823,7.0,4.865384615384615
calendar_reference,-17,wellness_metric_count,68,68,13,4.323529411764706,7.0,4.048076923076923
calendar_reference,-16,wellness_metric_count,68,68,13,4.735294117647059,7.0,4.625
calendar_reference,-15,wellness_metric_count,68,68,13,5.352941176470588,7.0,4.891025641025641
calendar_reference,-14,wellness_metric_count,68,68,13,5.25,7.0,4.621794871794872
calendar_reference,-13,wellness_metric_count,68,68,13,5.147058823529412,7.0,4.330128205128205
calendar_reference,-12,wellness_metric_count,68,68,13,5.147058823529412,7.0,3.576923076923077
calendar_reference,-11,wellness_metric_count,68,68,13,5.5588235294117645,7.0,5.256410256410256
calendar_reference,-10,wellness_metric_count,68,68,13,5.044117647058823,7.0,3.948717948717949
calendar_reference,-9,wellness_metric_count,68,68,13,5.455882352941177,7.0,5.256410256410256
calendar_reference,-8,wellness_metric_count,68,68,13,5.352941176470588,7.0,4.846153846153846
calendar_reference,-7,wellness_metric_count,68,68,13,5.029411764705882,7.0,4.294871794871795
calendar_reference,-6,wellness_metric_count,68,68,13,5.352941176470588,7.0,5.121794871794871
calendar_reference,-5,wellness_metric_count,68,68,13,5.147058823529412,7.0,4.927350427350428
calendar_reference,-4,wellness_metric_count,68,68,13,5.25,7.0,4.876068376068376
calendar_reference,-3,wellness_metric_count,68,68,13,5.014705882352941,7.0,4.696581196581197
calendar_reference,-2,wellness_metric_count,68,68,13,5.25,7.0,4.517094017094017
calendar_reference,-1,wellness_metric_count,68,68,13,5.132352941176471,7.0,4.4252136752136755
calendar_reference,0,wellness_metric_count,68,68,13,4.926470588235294,7.0,4.780982905982906
event,-28,wellness_metric_count,68,68,13,3.8088235294117645,7.0,2.980769230769231
event,-27,wellness_metric_count,68,68,13,3.7058823529411766,7.0,2.3974358974358974
event,-26,wellness_metric_count,68,68,13,4.117647058823529,7.0,2.9294871794871797
event,-25,wellness_metric_count,68,68,13,4.220588235294118,7.0,3.6089743589743586
event,-24,wellness_metric_count,68,68,13,4.0,7.0,3.544871794871795
event,-23,wellness_metric_count,68,68,13,3.8970588235294117,7.0,2.7371794871794872
event,-22,wellness_metric_count,68,68,13,4.014705882352941,7.0,2.9220085470085473
event,-21,wellness_metric_count,68,68,13,4.220588235294118,7.0,2.832264957264957
event,-20,wellness_metric_count,68,68,13,4.102941176470588,7.0,3.2168803418803416
event,-19,wellness_metric_count,68,68,13,4.294117647058823,7.0,3.3418803418803416
event,-18,wellness_metric_count,68,68,13,4.323529411764706,7.0,3.258547008547009
event,-17,wellness_metric_count,68,68,13,4.220588235294118,7.0,2.9732905982905984
event,-16,wellness_metric_count,68,68,13,4.411764705882353,7.0,3.008547008547009
event,-15,wellness_metric_count,68,68,13,4.720588235294118,7.0,3.6303418803418803
event,-14,wellness_metric_count,68,68,13,4.735294117647059,7.0,3.8643162393162394
event,-13,wellness_metric_count,68,68,13,4.735294117647059,7.0,3.7457264957264957
event,-12,wellness_metric_count,68,68,13,4.9411764705882355,7.0,3.9476495726495724
event,-11,wellness_metric_count,68,68,13,4.735294117647059,7.0,3.5373931623931627
event,-10,wellness_metric_count,68,68,13,4.514705882352941,7.0,3.4273504273504276
event,-9,wellness_metric_count,68,68,13,5.235294117647059,7.0,4.626068376068376
event,-8,wellness_metric_count,68,68,13,5.455882352941177,7.0,4.318376068376069
event,-7,wellness_metric_count,68,68,13,4.735294117647059,7.0,3.6036324786324787
event,-6,wellness_metric_count,68,68,13,4.9411764705882355,7.0,3.866452991452991
event,-5,wellness_metric_count,68,68,13,4.617647058823529,7.0,3.969932844932845
event,-4,wellness_metric_count,68,68,13,4.514705882352941,7.0,3.5459401709401708
event,-3,wellness_metric_count,68,68,13,4.588235294117647,7.0,3.722222222222222
event,-2,wellness_metric_count,68,68,13,4.823529411764706,7.0,3.9209401709401708
event,-1,wellness_metric_count,68,68,13,4.838235294117647,7.0,4.081196581196581
event,0,wellness_metric_count,68,68,13,6.794117647058823,7.0,6.439102564102564
reporting_reference,-28,wellness_metric_count,68,68,13,4.632352941176471,7.0,3.8354700854700856
reporting_reference,-27,wellness_metric_count,68,68,13,4.632352941176471,7.0,4.207264957264957
reporting_reference,-26,wellness_metric_count,68,68,13,4.220588235294118,7.0,3.9732905982905984
reporting_reference,-25,wellness_metric_count,68,68,13,4.426470588235294,7.0,4.034188034188034
reporting_reference,-24,wellness_metric_count,68,68,13,4.426470588235294,7.0,3.818376068376068
reporting_reference,-23,wellness_metric_count,68,68,13,4.220588235294118,7.0,3.69017094017094
reporting_reference,-22,wellness_metric_count,68,68,13,4.632352941176471,7.0,4.087606837606837
reporting_reference,-21,wellness_metric_count,68,68,13,4.426470588235294,7.0,3.9209401709401708
reporting_reference,-20,wellness_metric_count,68,68,13,4.9411764705882355,7.0,4.2094017094017095
reporting_reference,-19,wellness_metric_count,68,68,13,4.632352941176471,7.0,3.9764957264957266
reporting_reference,-18,wellness_metric_count,68,68,13,4.632352941176471,7.0,3.931623931623932
reporting_reference,-17,wellness_metric_count,68,68,13,4.014705882352941,7.0,3.652777777777778
reporting_reference,-16,wellness_metric_count,68,68,13,4.426470588235294,7.0,4.101495726495727
reporting_reference,-15,wellness_metric_count,68,68,13,4.220588235294118,7.0,3.6602564102564106
reporting_reference,-14,wellness_metric_count,68,68,13,4.117647058823529,7.0,3.4871794871794872
reporting_reference,-13,wellness_metric_count,68,68,13,4.323529411764706,7.0,4.011752136752137
reporting_reference,-12,wellness_metric_count,68,68,13,4.220588235294118,7.0,3.5854700854700856
reporting_reference,-11,wellness_metric_count,68,68,13,4.220588235294118,7.0,3.9123931623931627
reporting_reference,-10,wellness_metric_count,68,68,13,4.426470588235294,7.0,3.707264957264957
reporting_reference,-9,wellness_metric_count,68,68,13,4.426470588235294,7.0,3.9145299145299144
reporting_reference,-8,wellness_metric_count,68,68,13,3.911764705882353,7.0,3.017094017094017
reporting_reference,-7,wellness_metric_count,68,68,13,4.720588235294118,7.0,4.145299145299145
reporting_reference,-6,wellness_metric_count,68,68,13,4.735294117647059,7.0,3.8856837606837606
reporting_reference,-5,wellness_metric_count,68,68,13,4.838235294117647,7.0,3.7991452991452994
reporting_reference,-4,wellness_metric_count,68,68,13,4.4411764705882355,7.0,3.442460317460317
reporting_reference,-3,wellness_metric_count,68,68,13,4.602941176470588,7.0,3.6709401709401708
reporting_reference,-2,wellness_metric_count,68,68,13,4.735294117647059,7.0,3.7895299145299144
reporting_reference,-1,wellness_metric_count,68,68,13,4.720588235294118,7.0,3.719017094017094
reporting_reference,0,wellness_metric_count,68,68,13,4.823529411764706,7.0,4.017094017094017
calendar_reference,-28,wellness_report_present,68,68,13,0.7205882352941176,1.0,0.6352258852258852
calendar_reference,-27,wellness_report_present,68,68,13,0.7205882352941176,1.0,0.6471306471306472
calendar_reference,-26,wellness_report_present,68,68,13,0.75,1.0,0.6952075702075702
calendar_reference,-25,wellness_report_present,68,68,13,0.7058823529411765,1.0,0.6086691086691087
calendar_reference,-24,wellness_report_present,68,68,13,0.75,1.0,0.7023809523809524
calendar_reference,-23,wellness_report_present,68,68,13,0.7647058823529411,1.0,0.7078754578754579
calendar_reference,-22,wellness_report_present,68,68,13,0.7205882352941176,1.0,0.6712454212454213
calendar_reference,-21,wellness_report_present,68,68,13,0.75,1.0,0.7023809523809524
calendar_reference,-20,wellness_report_present,68,68,13,0.7352941176470589,1.0,0.6831501831501832
calendar_reference,-19,wellness_report_present,68,68,13,0.6911764705882353,1.0,0.6776556776556777
calendar_reference,-18,wellness_report_present,68,68,13,0.7205882352941176,1.0,0.695054945054945
calendar_reference,-17,wellness_report_present,68,68,13,0.6176470588235294,1.0,0.5782967032967032
calendar_reference,-16,wellness_report_present,68,68,13,0.6764705882352942,1.0,0.6607142857142858
calendar_reference,-15,wellness_report_present,68,68,13,0.7647058823529411,1.0,0.6987179487179487
calendar_reference,-14,wellness_report_present,68,68,13,0.75,1.0,0.6602564102564104
calendar_reference,-13,wellness_report_present,68,68,13,0.7352941176470589,1.0,0.6185897435897435
calendar_reference,-12,wellness_report_present,68,68,13,0.7352941176470589,1.0,0.5109890109890111
calendar_reference,-11,wellness_report_present,68,68,13,0.7941176470588235,1.0,0.750915750915751
calendar_reference,-10,wellness_report_present,68,68,13,0.7205882352941176,1.0,0.5641025641025641
calendar_reference,-9,wellness_report_present,68,68,13,0.7794117647058824,1.0,0.750915750915751
calendar_reference,-8,wellness_report_present,68,68,13,0.7647058823529411,1.0,0.6923076923076923
calendar_reference,-7,wellness_report_present,68,68,13,0.7205882352941176,1.0,0.6172161172161172
calendar_reference,-6,wellness_report_present,68,68,13,0.7647058823529411,1.0,0.7316849816849818
calendar_reference,-5,wellness_report_present,68,68,13,0.7352941176470589,1.0,0.7039072039072038
calendar_reference,-4,wellness_report_present,68,68,13,0.75,1.0,0.6965811965811965
calendar_reference,-3,wellness_report_present,68,68,13,0.7205882352941176,1.0,0.6718559218559219
calendar_reference,-2,wellness_report_present,68,68,13,0.75,1.0,0.6452991452991453
calendar_reference,-1,wellness_report_present,68,68,13,0.7352941176470589,1.0,0.6431623931623931
calendar_reference,0,wellness_report_present,68,68,13,0.7058823529411765,1.0,0.6834554334554335
event,-28,wellness_report_present,68,68,13,0.5441176470588235,1.0,0.4258241758241758
event,-27,wellness_report_present,68,68,13,0.5294117647058824,1.0,0.3424908424908425
event,-26,wellness_report_present,68,68,13,0.5882352941176471,1.0,0.4184981684981685
event,-25,wellness_report_present,68,68,13,0.6029411764705882,1.0,0.5155677655677656
event,-24,wellness_report_present,68,68,13,0.5735294117647058,1.0,0.5068681318681318
event,-23,wellness_report_present,68,68,13,0.5588235294117647,1.0,0.3914835164835165
event,-22,wellness_report_present,68,68,13,0.5735294117647058,1.0,0.4174297924297924
event,-21,wellness_report_present,68,68,13,0.6029411764705882,1.0,0.4046092796092796
event,-20,wellness_report_present,68,68,13,0.5882352941176471,1.0,0.46001221001221004
event,-19,wellness_report_present,68,68,13,0.6176470588235294,1.0,0.4815323565323565
event,-18,wellness_report_present,68,68,13,0.6176470588235294,1.0,0.4655067155067155
event,-17,wellness_report_present,68,68,13,0.6029411764705882,1.0,0.4247557997557998
event,-16,wellness_report_present,68,68,13,0.6323529411764706,1.0,0.4302503052503053
event,-15,wellness_report_present,68,68,13,0.6764705882352942,1.0,0.519078144078144
event,-14,wellness_report_present,68,68,13,0.6764705882352942,1.0,0.5520451770451771
event,-13,wellness_report_present,68,68,13,0.6764705882352942,1.0,0.5351037851037851
event,-12,wellness_report_present,68,68,13,0.7058823529411765,1.0,0.563949938949939
event,-11,wellness_report_present,68,68,13,0.6764705882352942,1.0,0.5053418803418803
event,-10,wellness_report_present,68,68,13,0.6470588235294118,1.0,0.49007936507936506
event,-9,wellness_report_present,68,68,13,0.75,1.0,0.6613247863247863
event,-8,wellness_report_present,68,68,13,0.7794117647058824,1.0,0.6169108669108668
event,-7,wellness_report_present,68,68,13,0.6764705882352942,1.0,0.5148046398046398
event,-6,wellness_report_present,68,68,13,0.7058823529411765,1.0,0.5523504273504274
event,-5,wellness_report_present,68,68,13,0.6617647058823529,1.0,0.5679181929181929
event,-4,wellness_report_present,68,68,13,0.6470588235294118,1.0,0.5102258852258852
event,-3,wellness_report_present,68,68,13,0.6617647058823529,1.0,0.5541819291819292
event,-2,wellness_report_present,68,68,13,0.6911764705882353,1.0,0.5605921855921856
event,-1,wellness_report_present,68,68,13,0.6911764705882353,1.0,0.583028083028083
event,0,wellness_report_present,68,68,13,0.9705882352941176,1.0,0.9198717948717949
reporting_reference,-28,wellness_report_present,68,68,13,0.6617647058823529,1.0,0.5479242979242979
reporting_reference,-27,wellness_report_present,68,68,13,0.6617647058823529,1.0,0.601037851037851
reporting_reference,-26,wellness_report_present,68,68,13,0.6029411764705882,1.0,0.5676129426129426
reporting_reference,-25,wellness_report_present,68,68,13,0.6323529411764706,1.0,0.5763125763125763
reporting_reference,-24,wellness_report_present,68,68,13,0.6323529411764706,1.0,0.5454822954822954
reporting_reference,-23,wellness_report_present,68,68,13,0.6029411764705882,1.0,0.5271672771672772
reporting_reference,-22,wellness_report_present,68,68,13,0.6617647058823529,1.0,0.5839438339438339
reporting_reference,-21,wellness_report_present,68,68,13,0.6323529411764706,1.0,0.5601343101343101
reporting_reference,-20,wellness_report_present,68,68,13,0.7058823529411765,1.0,0.6013431013431013
reporting_reference,-19,wellness_report_present,68,68,13,0.6617647058823529,1.0,0.568070818070818
reporting_reference,-18,wellness_report_present,68,68,13,0.6617647058823529,1.0,0.5616605616605617
reporting_reference,-17,wellness_report_present,68,68,13,0.5735294117647058,1.0,0.5218253968253967
reporting_reference,-16,wellness_report_present,68,68,13,0.6323529411764706,1.0,0.585927960927961
reporting_reference,-15,wellness_report_present,68,68,13,0.6029411764705882,1.0,0.5228937728937729
reporting_reference,-14,wellness_report_present,68,68,13,0.5882352941176471,1.0,0.4981684981684982
reporting_reference,-13,wellness_report_present,68,68,13,0.6176470588235294,1.0,0.5731074481074481
reporting_reference,-12,wellness_report_present,68,68,13,0.6029411764705882,1.0,0.5122100122100123
reporting_reference,-11,wellness_report_present,68,68,13,0.6029411764705882,1.0,0.5589133089133089
reporting_reference,-10,wellness_report_present,68,68,13,0.6323529411764706,1.0,0.5296092796092796
reporting_reference,-9,wellness_report_present,68,68,13,0.6323529411764706,1.0,0.5592185592185592
reporting_reference,-8,wellness_report_present,68,68,13,0.5588235294117647,1.0,0.431013431013431
reporting_reference,-7,wellness_report_present,68,68,13,0.6764705882352942,1.0,0.5958485958485958
reporting_reference,-6,wellness_report_present,68,68,13,0.6764705882352942,1.0,0.5550976800976801
reporting_reference,-5,wellness_report_present,68,68,13,0.6911764705882353,1.0,0.5427350427350427
reporting_reference,-4,wellness_report_present,68,68,13,0.6470588235294118,1.0,0.49648962148962145
reporting_reference,-3,wellness_report_present,68,68,13,0.6617647058823529,1.0,0.5253357753357754
reporting_reference,-2,wellness_report_present,68,68,13,0.6764705882352942,1.0,0.5413614163614164
reporting_reference,-1,wellness_report_present,68,68,13,0.6764705882352942,1.0,0.5349511599511599
reporting_reference,0,wellness_report_present,68,68,13,0.6911764705882353,1.0,0.5743284493284493
