scenario_id,month,team_id,eligible_player_days,positive_player_days,player_count
C0,2020-01-01,TeamA,837,0,27
C0,2020-01-01,TeamB,702,27,23
C0,2020-02-01,TeamA,783,0,27
C0,2020-02-01,TeamB,666,6,23
C0,2020-03-01,TeamA,803,56,27
C0,2020-03-01,TeamB,713,0,23
C0,2020-04-01,TeamA,777,47,27
C0,2020-04-01,TeamB,690,0,23
C0,2020-05-01,TeamA,782,44,27
C0,2020-05-01,TeamB,713,0,23
C0,2020-06-01,TeamA,778,50,27
C0,2020-06-01,TeamB,690,0,23
C0,2020-07-01,TeamA,828,24,27
C0,2020-07-01,TeamB,713,0,23
C0,2020-08-01,TeamA,823,28,27
C0,2020-08-01,TeamB,713,0,23
C0,2020-09-01,TeamA,808,11,27
C0,2020-09-01,TeamB,690,0,23
C0,2020-10-01,TeamA,836,7,27
C0,2020-10-01,TeamB,713,0,23
C0,2020-11-01,TeamA,809,7,27
C0,2020-11-01,TeamB,690,0,23
C0,2020-12-01,TeamA,837,0,27
C0,2020-12-01,TeamB,713,0,23
C0,2021-01-01,TeamA,830,14,27
C0,2021-01-01,TeamB,713,0,23
C0,2021-02-01,TeamA,754,7,27
C0,2021-02-01,TeamB,644,0,23
C0,2021-03-01,TeamA,836,7,27
C0,2021-03-01,TeamB,713,0,23
C0,2021-04-01,TeamA,810,0,27
C0,2021-04-01,TeamB,690,0,23
C0,2021-05-01,TeamA,837,0,27
C0,2021-05-01,TeamB,713,0,23
C0,2021-06-01,TeamA,810,0,27
C0,2021-06-01,TeamB,690,0,23
C0,2021-07-01,TeamA,837,0,27
C0,2021-07-01,TeamB,713,0,23
C0,2021-08-01,TeamA,837,0,27
C0,2021-08-01,TeamB,713,0,23
C0,2021-09-01,TeamA,807,21,27
C0,2021-09-01,TeamB,690,3,23
C0,2021-10-01,TeamA,837,5,27
C0,2021-10-01,TeamB,712,4,23
C0,2021-11-01,TeamA,809,2,27
C0,2021-11-01,TeamB,690,0,23
C0,2021-12-01,TeamA,648,0,27
C0,2021-12-01,TeamB,552,0,23
C1,2020-01-01,TeamA,81,0,27
C1,2020-01-01,TeamB,66,0,22
C1,2020-02-01,TeamA,783,0,27
C1,2020-02-01,TeamB,666,6,23
C1,2020-03-01,TeamA,803,56,27
C1,2020-03-01,TeamB,713,0,23
C1,2020-04-01,TeamA,777,47,27
C1,2020-04-01,TeamB,690,0,23
C1,2020-05-01,TeamA,782,44,27
C1,2020-05-01,TeamB,713,0,23
C1,2020-06-01,TeamA,778,50,27
C1,2020-06-01,TeamB,690,0,23
C1,2020-07-01,TeamA,828,24,27
C1,2020-07-01,TeamB,713,0,23
C1,2020-08-01,TeamA,823,28,27
C1,2020-08-01,TeamB,713,0,23
C1,2020-09-01,TeamA,808,11,27
C1,2020-09-01,TeamB,690,0,23
C1,2020-10-01,TeamA,836,7,27
C1,2020-10-01,TeamB,713,0,23
C1,2020-11-01,TeamA,809,7,27
C1,2020-11-01,TeamB,690,0,23
C1,2020-12-01,TeamA,837,0,27
C1,2020-12-01,TeamB,713,0,23
C1,2021-01-01,TeamA,830,14,27
C1,2021-01-01,TeamB,713,0,23
C1,2021-02-01,TeamA,754,7,27
C1,2021-02-01,TeamB,644,0,23
C1,2021-03-01,TeamA,836,7,27
C1,2021-03-01,TeamB,713,0,23
C1,2021-04-01,TeamA,810,0,27
C1,2021-04-01,TeamB,690,0,23
C1,2021-05-01,TeamA,837,0,27
C1,2021-05-01,TeamB,713,0,23
C1,2021-06-01,TeamA,810,0,27
C1,2021-06-01,TeamB,690,0,23
C1,2021-07-01,TeamA,837,0,27
C1,2021-07-01,TeamB,713,0,23
C1,2021-08-01,TeamA,837,0,27
C1,2021-08-01,TeamB,713,0,23
C1,2021-09-01,TeamA,807,21,27
C1,2021-09-01,TeamB,690,3,23
C1,2021-10-01,TeamA,837,5,27
C1,2021-10-01,TeamB,712,4,23
C1,2021-11-01,TeamA,809,2,27
C1,2021-11-01,TeamB,690,0,23
C1,2021-12-01,TeamA,648,0,27
C1,2021-12-01,TeamB,552,0,23
C2,2020-02-01,TeamA,108,0,27
C2,2020-02-01,TeamB,92,0,23
C2,2020-03-01,TeamA,803,56,27
C2,2020-03-01,TeamB,713,0,23
C2,2020-04-01,TeamA,777,47,27
C2,2020-04-01,TeamB,690,0,23
C2,2020-05-01,TeamA,782,44,27
C2,2020-05-01,TeamB,713,0,23
C2,2020-06-01,TeamA,778,50,27
C2,2020-06-01,TeamB,690,0,23
C2,2020-07-01,TeamA,828,24,27
C2,2020-07-01,TeamB,713,0,23
C2,2020-08-01,TeamA,823,28,27
C2,2020-08-01,TeamB,713,0,23
C2,2020-09-01,TeamA,808,11,27
C2,2020-09-01,TeamB,690,0,23
C2,2020-10-01,TeamA,836,7,27
C2,2020-10-01,TeamB,713,0,23
C2,2020-11-01,TeamA,809,7,27
C2,2020-11-01,TeamB,690,0,23
C2,2020-12-01,TeamA,837,0,27
C2,2020-12-01,TeamB,713,0,23
C2,2021-01-01,TeamA,830,14,27
C2,2021-01-01,TeamB,713,0,23
C2,2021-02-01,TeamA,754,7,27
C2,2021-02-01,TeamB,644,0,23
C2,2021-03-01,TeamA,836,7,27
C2,2021-03-01,TeamB,713,0,23
C2,2021-04-01,TeamA,810,0,27
C2,2021-04-01,TeamB,690,0,23
C2,2021-05-01,TeamA,837,0,27
C2,2021-05-01,TeamB,713,0,23
C2,2021-06-01,TeamA,810,0,27
C2,2021-06-01,TeamB,690,0,23
C2,2021-07-01,TeamA,837,0,27
C2,2021-07-01,TeamB,713,0,23
C2,2021-08-01,TeamA,837,0,27
C2,2021-08-01,TeamB,713,0,23
C2,2021-09-01,TeamA,807,21,27
C2,2021-09-01,TeamB,690,3,23
C2,2021-10-01,TeamA,837,5,27
C2,2021-10-01,TeamB,712,4,23
C2,2021-11-01,TeamA,809,2,27
C2,2021-11-01,TeamB,690,0,23
C2,2021-12-01,TeamA,648,0,27
C2,2021-12-01,TeamB,552,0,23
C3,2020-03-01,TeamA,24,0,24
C3,2020-03-01,TeamB,23,0,23
C3,2020-04-01,TeamA,777,47,27
C3,2020-04-01,TeamB,690,0,23
C3,2020-05-01,TeamA,782,44,27
C3,2020-05-01,TeamB,713,0,23
C3,2020-06-01,TeamA,778,50,27
C3,2020-06-01,TeamB,690,0,23
C3,2020-07-01,TeamA,828,24,27
C3,2020-07-01,TeamB,713,0,23
C3,2020-08-01,TeamA,823,28,27
C3,2020-08-01,TeamB,713,0,23
C3,2020-09-01,TeamA,808,11,27
C3,2020-09-01,TeamB,690,0,23
C3,2020-10-01,TeamA,836,7,27
C3,2020-10-01,TeamB,713,0,23
C3,2020-11-01,TeamA,809,7,27
C3,2020-11-01,TeamB,690,0,23
C3,2020-12-01,TeamA,837,0,27
C3,2020-12-01,TeamB,713,0,23
C3,2021-01-01,TeamA,830,14,27
C3,2021-01-01,TeamB,713,0,23
C3,2021-02-01,TeamA,754,7,27
C3,2021-02-01,TeamB,644,0,23
C3,2021-03-01,TeamA,836,7,27
C3,2021-03-01,TeamB,713,0,23
C3,2021-04-01,TeamA,810,0,27
C3,2021-04-01,TeamB,690,0,23
C3,2021-05-01,TeamA,837,0,27
C3,2021-05-01,TeamB,713,0,23
C3,2021-06-01,TeamA,810,0,27
C3,2021-06-01,TeamB,690,0,23
C3,2021-07-01,TeamA,837,0,27
C3,2021-07-01,TeamB,713,0,23
C3,2021-08-01,TeamA,837,0,27
C3,2021-08-01,TeamB,713,0,23
C3,2021-09-01,TeamA,807,21,27
C3,2021-09-01,TeamB,690,3,23
C3,2021-10-01,TeamA,837,5,27
C3,2021-10-01,TeamB,712,4,23
C3,2021-11-01,TeamA,809,2,27
C3,2021-11-01,TeamB,690,0,23
C3,2021-12-01,TeamA,648,0,27
C3,2021-12-01,TeamB,552,0,23
C4,2020-01-01,TeamB,20,0,7
C4,2020-02-01,TeamB,254,6,10
C4,2020-03-01,TeamA,52,3,13
C4,2020-03-01,TeamB,340,0,11
C4,2020-04-01,TeamA,417,47,15
C4,2020-04-01,TeamB,360,0,12
C4,2020-05-01,TeamA,424,30,16
C4,2020-05-01,TeamB,372,0,12
C4,2020-06-01,TeamA,474,50,19
C4,2020-06-01,TeamB,360,0,12
C4,2020-07-01,TeamA,629,24,21
C4,2020-07-01,TeamB,375,0,13
C4,2020-08-01,TeamA,664,28,22
C4,2020-08-01,TeamB,403,0,13
C4,2020-09-01,TeamA,662,11,23
C4,2020-09-01,TeamB,390,0,13
C4,2020-10-01,TeamA,712,7,23
C4,2020-10-01,TeamB,423,0,14
C4,2020-11-01,TeamA,689,7,23
C4,2020-11-01,TeamB,420,0,14
C4,2020-12-01,TeamA,713,0,23
C4,2020-12-01,TeamB,434,0,14
C4,2021-01-01,TeamA,706,14,23
C4,2021-01-01,TeamB,459,0,17
C4,2021-02-01,TeamA,657,7,24
C4,2021-02-01,TeamB,484,0,18
C4,2021-03-01,TeamA,743,7,24
C4,2021-03-01,TeamB,558,0,18
C4,2021-04-01,TeamA,720,0,24
C4,2021-04-01,TeamB,540,0,18
C4,2021-05-01,TeamA,744,0,24
C4,2021-05-01,TeamB,558,0,18
C4,2021-06-01,TeamA,740,0,26
C4,2021-06-01,TeamB,549,0,19
C4,2021-07-01,TeamA,806,0,26
C4,2021-07-01,TeamB,589,0,19
C4,2021-08-01,TeamA,825,0,27
C4,2021-08-01,TeamB,633,0,21
C4,2021-09-01,TeamA,807,21,27
C4,2021-09-01,TeamB,683,3,23
C4,2021-10-01,TeamA,837,5,27
C4,2021-10-01,TeamB,712,4,23
C4,2021-11-01,TeamA,809,2,27
C4,2021-11-01,TeamB,690,0,23
C4,2021-12-01,TeamA,648,0,27
C4,2021-12-01,TeamB,552,0,23
C5,2020-01-01,TeamB,15,0,5
C5,2020-02-01,TeamB,248,6,11
C5,2020-03-01,TeamA,42,2,11
C5,2020-03-01,TeamB,372,0,12
C5,2020-04-01,TeamA,412,47,15
C5,2020-04-01,TeamB,388,0,13
C5,2020-05-01,TeamA,420,26,16
C5,2020-05-01,TeamB,403,0,13
C5,2020-06-01,TeamA,468,50,19
C5,2020-06-01,TeamB,390,0,13
C5,2020-07-01,TeamA,628,24,21
C5,2020-07-01,TeamB,407,0,14
C5,2020-08-01,TeamA,662,28,22
C5,2020-08-01,TeamB,434,0,14
C5,2020-09-01,TeamA,662,11,23
C5,2020-09-01,TeamB,420,0,14
C5,2020-10-01,TeamA,712,7,23
C5,2020-10-01,TeamB,434,0,14
C5,2020-11-01,TeamA,689,7,23
C5,2020-11-01,TeamB,420,0,14
C5,2020-12-01,TeamA,713,0,23
C5,2020-12-01,TeamB,434,0,14
C5,2021-01-01,TeamA,706,14,23
C5,2021-01-01,TeamB,462,0,17
C5,2021-02-01,TeamA,660,7,24
C5,2021-02-01,TeamB,476,0,17
C5,2021-03-01,TeamA,743,7,24
C5,2021-03-01,TeamB,572,0,19
C5,2021-04-01,TeamA,720,0,24
C5,2021-04-01,TeamB,570,0,19
C5,2021-05-01,TeamA,744,0,24
C5,2021-05-01,TeamB,589,0,19
C5,2021-06-01,TeamA,740,0,26
C5,2021-06-01,TeamB,570,0,19
C5,2021-07-01,TeamA,806,0,26
C5,2021-07-01,TeamB,612,0,20
C5,2021-08-01,TeamA,824,0,27
C5,2021-08-01,TeamB,659,0,22
C5,2021-09-01,TeamA,807,21,27
C5,2021-09-01,TeamB,670,3,23
C5,2021-10-01,TeamA,837,5,27
C5,2021-10-01,TeamB,712,4,23
C5,2021-11-01,TeamA,809,2,27
C5,2021-11-01,TeamB,690,0,23
C5,2021-12-01,TeamA,648,0,27
C5,2021-12-01,TeamB,552,0,23
C7,2020-01-01,TeamB,15,0,5
C7,2020-02-01,TeamB,227,6,10
C7,2020-03-01,TeamA,38,0,10
C7,2020-03-01,TeamB,340,0,11
C7,2020-04-01,TeamA,412,47,15
C7,2020-04-01,TeamB,358,0,12
C7,2020-05-01,TeamA,420,26,16
C7,2020-05-01,TeamB,372,0,12
C7,2020-06-01,TeamA,468,50,19
C7,2020-06-01,TeamB,360,0,12
C7,2020-07-01,TeamA,628,24,21
C7,2020-07-01,TeamB,375,0,13
C7,2020-08-01,TeamA,662,28,22
C7,2020-08-01,TeamB,403,0,13
C7,2020-09-01,TeamA,662,11,23
C7,2020-09-01,TeamB,390,0,13
C7,2020-10-01,TeamA,712,7,23
C7,2020-10-01,TeamB,403,0,13
C7,2020-11-01,TeamA,689,7,23
C7,2020-11-01,TeamB,390,0,13
C7,2020-12-01,TeamA,713,0,23
C7,2020-12-01,TeamB,403,0,13
C7,2021-01-01,TeamA,706,14,23
C7,2021-01-01,TeamB,426,0,16
C7,2021-02-01,TeamA,657,7,24
C7,2021-02-01,TeamB,448,0,16
C7,2021-03-01,TeamA,743,7,24
C7,2021-03-01,TeamB,541,0,18
C7,2021-04-01,TeamA,720,0,24
C7,2021-04-01,TeamB,540,0,18
C7,2021-05-01,TeamA,744,0,24
C7,2021-05-01,TeamB,558,0,18
C7,2021-06-01,TeamA,737,0,26
C7,2021-06-01,TeamB,540,0,18
C7,2021-07-01,TeamA,806,0,26
C7,2021-07-01,TeamB,581,0,19
C7,2021-08-01,TeamA,824,0,27
C7,2021-08-01,TeamB,628,0,21
C7,2021-09-01,TeamA,807,21,27
C7,2021-09-01,TeamB,668,3,23
C7,2021-10-01,TeamA,837,5,27
C7,2021-10-01,TeamB,712,4,23
C7,2021-11-01,TeamA,809,2,27
C7,2021-11-01,TeamB,690,0,23
C7,2021-12-01,TeamA,648,0,27
C7,2021-12-01,TeamB,552,0,23
