player_id,team_id,training_positive_days,player_days,positive_days,prevalence,brier_score,log_loss,average_precision,roc_auc,metric_support,model_fit_status,convergence_warning_count
TeamA-0362cdd5-7a63-480a-a46a-62a99fb1692f,TeamA,308,512.0,0.0,0.0,0.00006606062037189857,0.008129188825341607,,,zero_positive_support,fitted,0
TeamA-2d44f941-2f24-4fc2-afa8-611a091f2e93,TeamA,308,512.0,0.0,0.0,0.00014890900566262206,0.011671710543334872,,,zero_positive_support,fitted,0
TeamA-32fed4b3-d7fc-482d-ba21-c46c58f015b5,TeamA,308,512.0,0.0,0.0,0.0001184766333912256,0.010368608681343728,,,zero_positive_support,fitted,0
TeamA-358603ef-b3a3-46b5-b80a-ad64e06b6592,TeamA,308,512.0,0.0,0.0,0.00009251271420710039,0.009444603842651885,,,zero_positive_support,fitted,0
TeamA-3e5f6e2b-46b7-4890-84a9-3bbb2649af5a,TeamA,251,482.0,57.0,0.11825726141078838,0.11586107477003006,0.5585146978672525,0.10913381585416827,0.4335190918472652,estimable,fitted,0
TeamA-4051bba7-1170-4c43-b912-8c38815a7625,TeamA,215,438.0,93.0,0.21232876712328766,0.20579713481789583,0.9002800296941438,0.252594868288463,0.46690042075736327,estimable,fitted,0
TeamA-560cb066-a8ae-412f-b09f-0d2a6aa0cf05,TeamA,287,509.0,21.0,0.0412573673870334,0.040416285650164537,0.19349921840065565,0.03718811640379999,0.4734582357533177,estimable,fitted,0
TeamA-5a3be598-2f51-426f-95a5-b63d1d7c1b43,TeamA,308,512.0,0.0,0.0,0.00021705666943425678,0.013069533615499052,,,zero_positive_support,fitted,0
TeamA-5a5b135d-d146-4b4c-b3da-efcd4d203f95,TeamA,294,509.0,14.0,0.0275049115913556,0.026930392941007443,0.13084879261278623,0.08159300500418824,0.8062049062049061,estimable,fitted,0
TeamA-5cd7a61b-88b2-46d2-94f8-5a0d4f682d93,TeamA,272,458.0,36.0,0.07860262008733625,0.07566774848132374,0.32882844041548326,0.5450056832183495,0.7532253817798841,estimable,fitted,0
TeamA-67961019-dbb5-464b-839e-08e5896c2c42,TeamA,308,512.0,0.0,0.0,0.00006250221657072636,0.0078523675223661,,,zero_positive_support,fitted,0
TeamA-705923a2-378f-4f8e-8a29-464837b88cdc,TeamA,308,512.0,0.0,0.0,0.00007381219685800606,0.00829494118892855,,,zero_positive_support,fitted,0
TeamA-74afe68c-f348-414c-9754-6d6f9df12587,TeamA,294,509.0,14.0,0.0275049115913556,0.028986128156084808,0.14748328343853312,0.03037238218113676,0.43953823953823956,estimable,fitted,0
TeamA-78f2ae2c-caf7-47eb-9e84-521f7820182e,TeamA,308,512.0,0.0,0.0,0.00007738584615822985,0.008686134476942504,,,zero_positive_support,fitted,0
TeamA-7a0fe0d4-c3f7-4ba1-8210-2ee9354d331e,TeamA,308,512.0,0.0,0.0,0.00006992452278915796,0.008349861988971866,,,zero_positive_support,fitted,0
TeamA-82a0cc6a-a398-4c89-b5fb-34bc4b53dbea,TeamA,301,511.0,7.0,0.0136986301369863,0.013461382314641918,0.06820803031248732,0.029948657524026083,0.7570861678004535,estimable,fitted,0
TeamA-967090b2-87d4-476b-adba-56cfaf65ba87,TeamA,308,512.0,0.0,0.0,0.00005587516310740534,0.007365539221010213,,,zero_positive_support,fitted,0
TeamA-af719df9-3e6c-4ad4-9e8e-0c0c45f4f76a,TeamA,308,512.0,0.0,0.0,0.00006660481155413919,0.007927005428386008,,,zero_positive_support,fitted,0
TeamA-affd6f1d-b364-4700-98bf-8f20896e5ac4,TeamA,301,511.0,7.0,0.0136986301369863,0.013651105776599462,0.07806389403919084,0.014314928425357873,0.17757936507936506,estimable,fitted,0
TeamA-b58af410-da77-479e-b93c-e03617b9f36d,TeamA,301,511.0,7.0,0.0136986301369863,0.013878378145824856,0.0858227262420756,0.0136986301369863,0.04365079365079366,estimable,fitted,0
TeamA-bcc03f81-2733-45d3-abf1-f7a709c63e68,TeamA,286,501.0,22.0,0.043912175648702596,0.04256538962593197,0.1972390036952314,0.0846698896469989,0.5346840007591573,estimable,fitted,0
TeamA-c4ccf1a6-48c3-4a17-8d6c-eedd12e8680e,TeamA,284,502.0,24.0,0.04780876494023904,0.04628282322916526,0.21124269264558337,0.1528918347853981,0.7129532775453278,estimable,fitted,0
TeamA-c91a44bb-976c-421f-b146-f57e1e5b0846,TeamA,308,512.0,0.0,0.0,0.00006759783917275145,0.008255775836874448,,,zero_positive_support,fitted,0
TeamA-d7299614-fa73-4f69-b5e9-f913e3154ff6,TeamA,308,512.0,0.0,0.0,0.00015939439173896794,0.010770133174816964,,,zero_positive_support,fitted,0
TeamA-e920ae60-5c4b-4597-be27-fc6876dcec33,TeamA,308,512.0,0.0,0.0,0.00012234881243331094,0.010721059670270105,,,zero_positive_support,fitted,0
TeamA-ecdbd8ec-61a7-4131-97ec-3af76f621f65,TeamA,308,512.0,0.0,0.0,0.00017745928731022982,0.012590164785248827,,,zero_positive_support,fitted,0
TeamA-f20565cc-df22-46a7-aa97-af8ed00601d7,TeamA,308,512.0,0.0,0.0,0.00024349816711155515,0.014739107952343834,,,zero_positive_support,fitted,0
TeamB-08e35b7b-d2ad-411f-a0de-4e663f14c3c3,TeamB,308,512.0,0.0,0.0,0.00006759783917275208,0.008255775836874448,,,zero_positive_support,fitted,0
TeamB-29c5271b-5c46-455e-91ea-da2abfa8ff3c,TeamB,308,512.0,0.0,0.0,0.00015018922088006964,0.011641704124547674,,,zero_positive_support,fitted,0
TeamB-2f23d7d5-2326-49ce-b9c8-5a6303f785c5,TeamB,308,512.0,0.0,0.0,0.00011605551387665543,0.010483894840366161,,,zero_positive_support,fitted,0
TeamB-4405bb1f-56f7-48ba-bfa8-e795e4006952,TeamB,302,508.0,6.0,0.011811023622047244,0.011925551040845474,0.07549612877822587,0.0070767448351278465,0.039176626826029216,estimable,fitted,0
TeamB-48bfd4ea-e9e2-45b5-befc-3383cae87fdf,TeamB,308,512.0,0.0,0.0,0.00006374623496547405,0.00798907200652586,,,zero_positive_support,fitted,0
TeamB-4b1e23d2-4204-4e16-9991-e0490649079b,TeamB,308,512.0,0.0,0.0,0.0000771085426375938,0.008649766207689358,,,zero_positive_support,fitted,0
TeamB-4d54416a-8e5f-42c0-8dd0-12700569908f,TeamB,308,512.0,0.0,0.0,0.00007933812892687546,0.008808903749525587,,,zero_positive_support,fitted,0
TeamB-5a921187-19c7-8df4-8f4f-f31e78de5857,TeamB,308,512.0,0.0,0.0,0.00006759783917275156,0.008255775836874448,,,zero_positive_support,fitted,0
TeamB-5eba590a-cecb-400f-a92e-08224c7e2e59,TeamB,308,512.0,0.0,0.0,0.00014160895087891195,0.010942877716366643,,,zero_positive_support,fitted,0
TeamB-6d568bee-175f-4dcb-9d3a-0f3e8f35de07,TeamB,308,512.0,0.0,0.0,0.00006759783917275156,0.008255775836874448,,,zero_positive_support,fitted,0
TeamB-70b74270-f655-43cc-a188-1ebc7a828b95,TeamB,308,512.0,0.0,0.0,0.00011798439913755115,0.01052451261869998,,,zero_positive_support,fitted,0
TeamB-789547e7-1325-4153-a98d-5ecd497f3668,TeamB,308,512.0,0.0,0.0,0.000048340543525303095,0.006688388271672732,,,zero_positive_support,fitted,0
TeamB-7ab47f4e-6eca-4793-880f-6a0dad3459c3,TeamB,308,512.0,0.0,0.0,0.0002254938845957699,0.011538427325522627,,,zero_positive_support,fitted,0
TeamB-7d41e602-eece-328b-ff7b-118e820865d6,TeamB,308,512.0,0.0,0.0,0.000058598768860855635,0.007593194149976201,,,zero_positive_support,fitted,0
TeamB-9c845827-99f9-47f4-977d-2200a107a013,TeamB,308,512.0,0.0,0.0,0.00007374664010227408,0.008325872033208129,,,zero_positive_support,fitted,0
TeamB-a7126274-c2d2-4f4e-9b67-35d376aefacc,TeamB,308,512.0,0.0,0.0,0.000295728161028545,0.01574228379487913,,,zero_positive_support,fitted,0
TeamB-ab5ec6e5-b0f3-401e-8dc5-aa6c5070e255,TeamB,308,512.0,0.0,0.0,0.000627757443725055,0.019876989584936573,,,zero_positive_support,fitted,0
TeamB-ab691983-3544-4a0e-8f70-db44d85cb907,TeamB,308,512.0,0.0,0.0,0.00019911537135811733,0.01233636430738007,,,zero_positive_support,fitted,0
TeamB-afc13e53-2c77-48cb-8a78-743663bbb84f,TeamB,308,512.0,0.0,0.0,0.00021613561113848512,0.014356452520831661,,,zero_positive_support,fitted,0
TeamB-d9501f3a-aaa1-4311-8b8b-3a8d3f21480f,TeamB,308,512.0,0.0,0.0,0.00018601080895338002,0.011608935761475356,,,zero_positive_support,fitted,0
TeamB-e1f63352-01cb-4688-9486-5c6f1e5cf0cd,TeamB,308,512.0,0.0,0.0,0.00007779291894557605,0.008617483370732279,,,zero_positive_support,fitted,0
TeamB-e4321aef-964a-4fdd-88bd-0bd548b0e93b,TeamB,308,512.0,0.0,0.0,0.0011106641133728026,0.03149087038126278,,,zero_positive_support,fitted,0
TeamB-f67673c0-d467-4832-9519-55133a2647e5,TeamB,308,512.0,0.0,0.0,0.00006973286586856709,0.008370673815659164,,,zero_positive_support,fitted,0
