feature,family,eligibility,player_days,observed_count,missing_count,missing_rate,zero_count,zero_rate,minimum,p01,p05,p25,median,p75,p95,p99,maximum,mean,standard_deviation,skewness
daily_load,load,primary_candidate,36550,36550,0,0.0,22359,0.6117373461012312,0.0,0.0,0.0,0.0,0.0,360.0,810.0,1080.0,3420.0,194.46196990424076,298.06298715698625,1.5268119730570842
fatigue,wellness,descriptive_only_same_day,36550,16992,19558,0.5351025991792066,0,0.0,1.0,2.0,2.0,3.0,3.0,3.0,4.0,4.0,5.0,3.0291313559322033,0.6223143796161785,0.07264041603069744
readiness,wellness,descriptive_only_same_day,36550,16997,19553,0.5349658002735979,0,0.0,1.0,3.0,4.0,6.0,7.0,8.0,9.0,10.0,10.0,6.798552685768077,1.4624447828751523,-0.6920557655772608
wellness_metric_count,wellness,descriptive_only_same_day,36550,36550,0,0.0,19542,0.5346648426812586,0.0,0.0,0.0,0.0,0.0,7.0,7.0,7.0,7.0,3.25469220246238,3.4894724231203753,0.139835611505605
session_count,session,primary_candidate,36550,36550,0,0.0,22353,0.6115731874145007,0.0,0.0,0.0,0.0,0.0,1.0,2.0,2.0,6.0,0.44500683994528045,0.6054690045010492,1.1246787013817467
session_duration_minutes,session,primary_candidate,36550,36550,0,0.0,22355,0.6116279069767442,0.0,0.0,0.0,0.0,0.0,70.0,120.0,170.0,380.0,32.75734610123119,46.11341306647609,1.1935874639671362
session_srpe,session,primary_candidate,36550,36550,0,0.0,22359,0.6117373461012312,0.0,0.0,0.0,0.0,0.0,360.0,810.0,1080.0,2430.0,192.9749658002736,295.204894973379,1.4997945675397761
daily_load_sum_3d,rolling,primary_candidate,36550,36550,0,0.0,17076,0.4671956224350205,0.0,0.0,0.0,0.0,350.0,1090.0,1830.0,2360.0,4230.0,582.9612859097127,670.3238423561988,0.8473194487339348
daily_load_sum_7d,rolling,primary_candidate,36550,36550,0,0.0,15416,0.4217783857729138,0.0,0.0,0.0,0.0,1140.0,2540.0,3740.0,4500.0,6760.0,1357.8424076607387,1395.9527972321841,0.4901450870786401
daily_load_sum_14d,rolling,primary_candidate,36550,36550,0,0.0,14184,0.38807113543091654,0.0,0.0,0.0,0.0,2540.0,4990.0,7110.0,8500.0,10500.0,2707.554172366621,2657.338304142028,0.3917745043902294
daily_load_sum_28d,rolling,primary_candidate,36550,36550,0,0.0,12891,0.3526949384404925,0.0,0.0,0.0,0.0,5140.0,9750.0,13680.0,16300.0,19980.0,5385.591928864569,5087.235428557536,0.3330314118444233
session_duration_sum_3d,rolling,primary_candidate,36550,36550,0,0.0,17075,0.46716826265389877,0.0,0.0,0.0,0.0,60.0,180.0,300.0,370.0,710.0,98.20637482900136,109.21993503173111,0.7175040394519805
session_duration_sum_7d,rolling,primary_candidate,36550,36550,0,0.0,15416,0.4217783857729138,0.0,0.0,0.0,0.0,200.0,430.0,600.0,730.0,980.0,228.7505335157319,230.87375941625126,0.4068615921792777
session_duration_sum_14d,rolling,primary_candidate,36550,36550,0,0.0,14184,0.38807113543091654,0.0,0.0,0.0,0.0,430.0,850.0,1170.0,1360.0,1770.0,456.1897127222982,442.02219337947224,0.3215571852360627
session_duration_sum_28d,rolling,primary_candidate,36550,36550,0,0.0,12891,0.3526949384404925,0.0,0.0,0.0,0.0,870.0,1670.0,2250.0,2600.0,3350.0,907.46,849.6136865271984,0.2739511849100442
session_srpe_sum_3d,rolling,primary_candidate,36550,36550,0,0.0,17076,0.4671956224350205,0.0,0.0,0.0,0.0,350.0,1080.0,1800.0,2310.0,4230.0,578.5002735978112,663.0921526764599,0.8302305325785023
session_srpe_sum_7d,rolling,primary_candidate,36550,36550,0,0.0,15416,0.4217783857729138,0.0,0.0,0.0,0.0,1140.0,2530.0,3690.0,4440.0,6760.0,1347.4333789329685,1381.2696970786658,0.47608609348003406
session_srpe_sum_14d,rolling,primary_candidate,36550,36550,0,0.0,14184,0.38807113543091654,0.0,0.0,0.0,0.0,2540.0,4970.0,6990.0,8375.10000000002,10500.0,2686.7361149110807,2627.7546401765353,0.3741003511093066
session_srpe_sum_28d,rolling,primary_candidate,36550,36550,0,0.0,12891,0.3526949384404925,0.0,0.0,0.0,0.0,5130.0,9720.0,13390.0,16080.0,19980.0,5343.990834473324,5028.231473090197,0.31323021381556904
fatigue_mean_3d,rolling,requires_lagged_rebuild,36550,20188,16362,0.4476607387140903,0,0.0,1.0,2.0,2.0,2.6666666666666665,3.0,3.3333333333333335,4.0,4.333333333333333,5.0,3.03360907469784,0.5217329292488582,0.2620296911175574
fatigue_mean_7d,rolling,requires_lagged_rebuild,36550,21477,15073,0.4123939808481532,0,0.0,1.0,2.0,2.2857142857142856,2.8,3.0,3.25,4.0,4.142857142857143,5.0,3.033831429857411,0.46250179366896926,0.35282780629360205
fatigue_mean_14d,rolling,requires_lagged_rebuild,36550,22572,13978,0.38243502051983586,0,0.0,1.0,2.0,2.3636363636363638,2.7857142857142856,3.0,3.25,3.8181818181818183,4.0,5.0,3.029927996275684,0.42752791023280046,0.3220846491414784
fatigue_mean_28d,rolling,requires_lagged_rebuild,36550,23819,12731,0.3483173734610123,0,0.0,1.0,2.0,2.4280219780219783,2.7916666666666665,3.0,3.25,3.772727272727273,4.0,5.0,3.026547688146214,0.40536737398622497,0.36918967775491107
readiness_mean_3d,rolling,requires_lagged_rebuild,36550,20190,16360,0.4476060191518468,0,0.0,1.0,3.0,4.666666666666667,6.0,7.0,7.666666666666667,8.666666666666666,9.333333333333334,10.0,6.799843156678224,1.2923513271269085,-0.7934144414384742
readiness_mean_7d,rolling,requires_lagged_rebuild,36550,21480,15070,0.41231190150478797,0,0.0,1.0,3.0,5.0,6.0,7.0,7.571428571428571,8.5,9.142857142857142,10.0,6.797560853950518,1.1957376835722073,-0.8463294452267945
readiness_mean_14d,rolling,requires_lagged_rebuild,36550,22579,13971,0.3822435020519836,0,0.0,1.0,2.9285714285714284,5.0,6.090909090909091,6.909090909090909,7.555555555555555,8.46538461538456,9.0,10.0,6.79616809405219,1.1392445408696688,-0.8564468671972554
readiness_mean_28d,rolling,requires_lagged_rebuild,36550,23815,12735,0.3484268125854993,0,0.0,1.0,2.9642857142857144,5.090909090909091,6.115384615384615,6.875,7.533333333333333,8.392857142857142,9.0,10.0,6.794272887398704,1.0886669963237263,-0.8103116500326674
daily_load_baseline_mean_prior,rolling,primary_candidate,36550,36500,50,0.0013679890560875513,8902,0.24355677154582764,0.0,0.0,0.0,2.972303987155472,149.32635253054102,282.22810716399806,379.31598173515977,429.2739561707037,530.3448275862069,155.83268134130697,137.2811598237434,0.2574089175924551
daily_load_zscore_prior,player_relative,primary_candidate,36550,27598,8952,0.24492476060191518,0,0.0,-1.3060099574801365,-1.1630058641193994,-1.0178798508856077,-0.6263161968718871,-0.1783206893864159,0.8610260889921234,2.742430694692186,5.98761485001806,80.57579535720096,0.3206341730100711,1.7977779527329074,11.413012342756556
fatigue_baseline_mean_prior,rolling,primary_candidate_lagged,36550,27327,9223,0.2523392612859097,0,0.0,1.0,2.3955310116086235,2.4883900280982845,2.838897331982438,2.9906976744186045,3.264890807316304,3.6974630021141626,3.8974358974358974,5.0,3.041010717833445,0.34982240092129185,0.506089124953906
fatigue_zscore_prior,player_relative,requires_lagged_rebuild,36550,16806,19744,0.5401915184678523,409,0.011190150478796169,-12.8626031553015,-2.975283855855809,-1.8423591345412245,-0.5830834932736882,0.14302142346188848,0.4612961923700341,1.2170106497051798,2.224808098796576,7.017834423809013,-0.04185138388368951,0.9969105375600806,-0.9996227064351243
readiness_baseline_mean_prior,rolling,primary_candidate_lagged,36550,27323,9227,0.25244870041039674,0,0.0,3.2666666666666666,4.858145896656535,5.155256330427564,6.246153846153846,6.8776223776223775,7.547112462006079,8.333333333333334,8.833333333333334,10.0,6.8602605231838245,0.9325790592296191,-0.09219383866761492
readiness_zscore_prior,player_relative,requires_lagged_rebuild,36550,16858,19692,0.5387688098495212,111,0.0030369357045143637,-21.002252781944907,-3.5930601799909825,-1.7684916096668697,-0.5237686469183176,0.12406503821854337,0.6613617463124696,1.4319209103082404,2.1342111136599384,7.181324987175278,-0.02060872197441886,1.1127627177716994,-1.8028612098672345
