feature,player_id,team_id,prediction_date,observed_value,tail,outer_fence,iqr_distance,disposition
daily_load,TeamA-4051bba7-1170-4c43-b912-8c38815a7625,TeamA,2021-07-20,3420.0,high,1440.0,5.5,REVIEW_ONLY
daily_load,TeamA-f20565cc-df22-46a7-aa97-af8ed00601d7,TeamA,2021-06-03,2430.0,high,1440.0,2.75,REVIEW_ONLY
daily_load,TeamA-ecdbd8ec-61a7-4131-97ec-3af76f621f65,TeamA,2020-04-22,2220.0,high,1440.0,2.166666666666667,REVIEW_ONLY
daily_load,TeamA-3e5f6e2b-46b7-4890-84a9-3bbb2649af5a,TeamA,2021-08-09,2080.0,high,1440.0,1.777777777777778,REVIEW_ONLY
daily_load,TeamA-67961019-dbb5-464b-839e-08e5896c2c42,TeamA,2021-05-12,2070.0,high,1440.0,1.75,REVIEW_ONLY
daily_load,TeamA-3e5f6e2b-46b7-4890-84a9-3bbb2649af5a,TeamA,2021-07-02,1920.0,high,1440.0,1.3333333333333335,REVIEW_ONLY
daily_load,TeamB-4405bb1f-56f7-48ba-bfa8-e795e4006952,TeamB,2020-03-09,1920.0,high,1440.0,1.3333333333333335,REVIEW_ONLY
daily_load,TeamA-f20565cc-df22-46a7-aa97-af8ed00601d7,TeamA,2021-06-16,1890.0,high,1440.0,1.25,REVIEW_ONLY
daily_load,TeamB-2f23d7d5-2326-49ce-b9c8-5a6303f785c5,TeamB,2021-02-11,1800.0,high,1440.0,1.0,REVIEW_ONLY
daily_load,TeamB-afc13e53-2c77-48cb-8a78-743663bbb84f,TeamB,2021-08-21,1790.0,high,1440.0,0.9722222222222222,REVIEW_ONLY
daily_load,TeamB-6d568bee-175f-4dcb-9d3a-0f3e8f35de07,TeamB,2021-08-11,1780.0,high,1440.0,0.9444444444444445,REVIEW_ONLY
daily_load,TeamA-af719df9-3e6c-4ad4-9e8e-0c0c45f4f76a,TeamA,2021-09-29,1750.0,high,1440.0,0.8611111111111112,REVIEW_ONLY
daily_load,TeamA-78f2ae2c-caf7-47eb-9e84-521f7820182e,TeamA,2021-05-26,1740.0,high,1440.0,0.8333333333333334,REVIEW_ONLY
daily_load,TeamB-48bfd4ea-e9e2-45b5-befc-3383cae87fdf,TeamB,2021-09-22,1740.0,high,1440.0,0.8333333333333334,REVIEW_ONLY
daily_load,TeamB-48bfd4ea-e9e2-45b5-befc-3383cae87fdf,TeamB,2020-02-23,1710.0,high,1440.0,0.75,REVIEW_ONLY
daily_load,TeamB-70b74270-f655-43cc-a188-1ebc7a828b95,TeamB,2021-10-13,1710.0,high,1440.0,0.75,REVIEW_ONLY
daily_load,TeamB-7d41e602-eece-328b-ff7b-118e820865d6,TeamB,2021-09-02,1650.0,high,1440.0,0.5833333333333334,REVIEW_ONLY
daily_load,TeamA-ecdbd8ec-61a7-4131-97ec-3af76f621f65,TeamA,2020-05-15,1640.0,high,1440.0,0.5555555555555556,REVIEW_ONLY
daily_load,TeamB-789547e7-1325-4153-a98d-5ecd497f3668,TeamB,2020-02-11,1640.0,high,1440.0,0.5555555555555556,REVIEW_ONLY
daily_load,TeamA-af719df9-3e6c-4ad4-9e8e-0c0c45f4f76a,TeamA,2021-11-03,1630.0,high,1440.0,0.5277777777777778,REVIEW_ONLY
session_count,TeamA-f20565cc-df22-46a7-aa97-af8ed00601d7,TeamA,2021-06-03,6.0,high,4.0,2.0,REVIEW_ONLY
session_count,TeamA-3e5f6e2b-46b7-4890-84a9-3bbb2649af5a,TeamA,2021-07-02,5.0,high,4.0,1.0,REVIEW_ONLY
session_count,TeamA-3e5f6e2b-46b7-4890-84a9-3bbb2649af5a,TeamA,2021-08-09,5.0,high,4.0,1.0,REVIEW_ONLY
session_duration_minutes,TeamA-3e5f6e2b-46b7-4890-84a9-3bbb2649af5a,TeamA,2021-07-02,380.0,high,280.0,1.4285714285714286,REVIEW_ONLY
session_duration_minutes,TeamA-3e5f6e2b-46b7-4890-84a9-3bbb2649af5a,TeamA,2021-08-09,370.0,high,280.0,1.2857142857142856,REVIEW_ONLY
session_duration_minutes,TeamA-f20565cc-df22-46a7-aa97-af8ed00601d7,TeamA,2021-06-03,360.0,high,280.0,1.1428571428571428,REVIEW_ONLY
session_duration_minutes,TeamB-48bfd4ea-e9e2-45b5-befc-3383cae87fdf,TeamB,2020-02-23,360.0,high,280.0,1.1428571428571428,REVIEW_ONLY
session_duration_minutes,TeamB-7ab47f4e-6eca-4793-880f-6a0dad3459c3,TeamB,2020-03-22,360.0,high,280.0,1.1428571428571428,REVIEW_ONLY
session_duration_minutes,TeamA-82a0cc6a-a398-4c89-b5fb-34bc4b53dbea,TeamA,2021-05-22,350.0,high,280.0,1.0,REVIEW_ONLY
session_duration_minutes,TeamA-ecdbd8ec-61a7-4131-97ec-3af76f621f65,TeamA,2020-04-22,300.0,high,280.0,0.2857142857142857,REVIEW_ONLY
session_srpe,TeamA-f20565cc-df22-46a7-aa97-af8ed00601d7,TeamA,2021-06-03,2430.0,high,1440.0,2.75,REVIEW_ONLY
session_srpe,TeamA-ecdbd8ec-61a7-4131-97ec-3af76f621f65,TeamA,2020-04-22,2220.0,high,1440.0,2.166666666666667,REVIEW_ONLY
session_srpe,TeamA-3e5f6e2b-46b7-4890-84a9-3bbb2649af5a,TeamA,2021-08-09,2080.0,high,1440.0,1.777777777777778,REVIEW_ONLY
session_srpe,TeamA-67961019-dbb5-464b-839e-08e5896c2c42,TeamA,2021-05-12,2070.0,high,1440.0,1.75,REVIEW_ONLY
session_srpe,TeamA-3e5f6e2b-46b7-4890-84a9-3bbb2649af5a,TeamA,2021-07-02,1920.0,high,1440.0,1.3333333333333335,REVIEW_ONLY
session_srpe,TeamB-4405bb1f-56f7-48ba-bfa8-e795e4006952,TeamB,2020-03-09,1920.0,high,1440.0,1.3333333333333335,REVIEW_ONLY
session_srpe,TeamA-f20565cc-df22-46a7-aa97-af8ed00601d7,TeamA,2021-06-16,1890.0,high,1440.0,1.25,REVIEW_ONLY
session_srpe,TeamB-2f23d7d5-2326-49ce-b9c8-5a6303f785c5,TeamB,2021-02-11,1800.0,high,1440.0,1.0,REVIEW_ONLY
session_srpe,TeamB-afc13e53-2c77-48cb-8a78-743663bbb84f,TeamB,2021-08-21,1790.0,high,1440.0,0.9722222222222222,REVIEW_ONLY
session_srpe,TeamB-6d568bee-175f-4dcb-9d3a-0f3e8f35de07,TeamB,2021-08-11,1780.0,high,1440.0,0.9444444444444445,REVIEW_ONLY
session_srpe,TeamA-af719df9-3e6c-4ad4-9e8e-0c0c45f4f76a,TeamA,2021-09-29,1750.0,high,1440.0,0.8611111111111112,REVIEW_ONLY
session_srpe,TeamA-78f2ae2c-caf7-47eb-9e84-521f7820182e,TeamA,2021-05-26,1740.0,high,1440.0,0.8333333333333334,REVIEW_ONLY
session_srpe,TeamB-48bfd4ea-e9e2-45b5-befc-3383cae87fdf,TeamB,2021-09-22,1740.0,high,1440.0,0.8333333333333334,REVIEW_ONLY
session_srpe,TeamB-48bfd4ea-e9e2-45b5-befc-3383cae87fdf,TeamB,2020-02-23,1710.0,high,1440.0,0.75,REVIEW_ONLY
session_srpe,TeamB-70b74270-f655-43cc-a188-1ebc7a828b95,TeamB,2021-10-13,1710.0,high,1440.0,0.75,REVIEW_ONLY
session_srpe,TeamB-7d41e602-eece-328b-ff7b-118e820865d6,TeamB,2021-09-02,1650.0,high,1440.0,0.5833333333333334,REVIEW_ONLY
session_srpe,TeamA-ecdbd8ec-61a7-4131-97ec-3af76f621f65,TeamA,2020-05-15,1640.0,high,1440.0,0.5555555555555556,REVIEW_ONLY
session_srpe,TeamB-789547e7-1325-4153-a98d-5ecd497f3668,TeamB,2020-02-11,1640.0,high,1440.0,0.5555555555555556,REVIEW_ONLY
session_srpe,TeamA-af719df9-3e6c-4ad4-9e8e-0c0c45f4f76a,TeamA,2021-11-03,1630.0,high,1440.0,0.5277777777777778,REVIEW_ONLY
session_srpe,TeamA-f20565cc-df22-46a7-aa97-af8ed00601d7,TeamA,2021-12-25,1630.0,high,1440.0,0.5277777777777778,REVIEW_ONLY
fatigue_mean_7d,TeamA-32fed4b3-d7fc-482d-ba21-c46c58f015b5,TeamA,2020-03-20,1.0,low,1.4499999999999993,0.9999999999999981,REVIEW_ONLY
fatigue_mean_7d,TeamA-32fed4b3-d7fc-482d-ba21-c46c58f015b5,TeamA,2020-03-21,1.0,low,1.4499999999999993,0.9999999999999981,REVIEW_ONLY
fatigue_mean_7d,TeamA-32fed4b3-d7fc-482d-ba21-c46c58f015b5,TeamA,2020-03-22,1.0,low,1.4499999999999993,0.9999999999999981,REVIEW_ONLY
fatigue_mean_7d,TeamA-32fed4b3-d7fc-482d-ba21-c46c58f015b5,TeamA,2020-03-23,1.0,low,1.4499999999999993,0.9999999999999981,REVIEW_ONLY
fatigue_mean_7d,TeamA-4051bba7-1170-4c43-b912-8c38815a7625,TeamA,2021-11-20,1.0,low,1.4499999999999993,0.9999999999999981,REVIEW_ONLY
fatigue_mean_7d,TeamA-bcc03f81-2733-45d3-abf1-f7a709c63e68,TeamA,2021-01-11,1.0,low,1.4499999999999993,0.9999999999999981,REVIEW_ONLY
fatigue_mean_7d,TeamA-bcc03f81-2733-45d3-abf1-f7a709c63e68,TeamA,2021-01-12,1.0,low,1.4499999999999993,0.9999999999999981,REVIEW_ONLY
fatigue_mean_7d,TeamA-c4ccf1a6-48c3-4a17-8d6c-eedd12e8680e,TeamA,2020-12-07,1.0,low,1.4499999999999993,0.9999999999999981,REVIEW_ONLY
fatigue_mean_7d,TeamA-c4ccf1a6-48c3-4a17-8d6c-eedd12e8680e,TeamA,2020-12-08,1.0,low,1.4499999999999993,0.9999999999999981,REVIEW_ONLY
fatigue_mean_7d,TeamA-c4ccf1a6-48c3-4a17-8d6c-eedd12e8680e,TeamA,2020-12-09,1.0,low,1.4499999999999993,0.9999999999999981,REVIEW_ONLY
fatigue_mean_7d,TeamB-7ab47f4e-6eca-4793-880f-6a0dad3459c3,TeamB,2021-02-23,1.0,low,1.4499999999999993,0.9999999999999981,REVIEW_ONLY
fatigue_mean_7d,TeamB-7ab47f4e-6eca-4793-880f-6a0dad3459c3,TeamB,2021-02-24,1.0,low,1.4499999999999993,0.9999999999999981,REVIEW_ONLY
fatigue_mean_7d,TeamB-7ab47f4e-6eca-4793-880f-6a0dad3459c3,TeamB,2021-09-26,1.0,low,1.4499999999999993,0.9999999999999981,REVIEW_ONLY
fatigue_mean_7d,TeamB-7ab47f4e-6eca-4793-880f-6a0dad3459c3,TeamB,2021-09-27,1.0,low,1.4499999999999993,0.9999999999999981,REVIEW_ONLY
fatigue_mean_7d,TeamB-7ab47f4e-6eca-4793-880f-6a0dad3459c3,TeamB,2021-09-28,1.0,low,1.4499999999999993,0.9999999999999981,REVIEW_ONLY
fatigue_mean_7d,TeamB-7ab47f4e-6eca-4793-880f-6a0dad3459c3,TeamB,2021-09-29,1.0,low,1.4499999999999993,0.9999999999999981,REVIEW_ONLY
fatigue_mean_7d,TeamB-7ab47f4e-6eca-4793-880f-6a0dad3459c3,TeamB,2021-09-30,1.0,low,1.4499999999999993,0.9999999999999981,REVIEW_ONLY
fatigue_mean_7d,TeamB-7ab47f4e-6eca-4793-880f-6a0dad3459c3,TeamB,2021-10-01,1.0,low,1.4499999999999993,0.9999999999999981,REVIEW_ONLY
fatigue_mean_7d,TeamB-7ab47f4e-6eca-4793-880f-6a0dad3459c3,TeamB,2021-10-02,1.0,low,1.4499999999999993,0.9999999999999981,REVIEW_ONLY
fatigue_mean_7d,TeamB-a7126274-c2d2-4f4e-9b67-35d376aefacc,TeamB,2020-01-23,1.0,low,1.4499999999999993,0.9999999999999981,REVIEW_ONLY
fatigue_mean_14d,TeamA-32fed4b3-d7fc-482d-ba21-c46c58f015b5,TeamA,2020-03-20,1.0,low,1.3928571428571423,0.8461538461538448,REVIEW_ONLY
fatigue_mean_14d,TeamA-32fed4b3-d7fc-482d-ba21-c46c58f015b5,TeamA,2020-03-21,1.0,low,1.3928571428571423,0.8461538461538448,REVIEW_ONLY
fatigue_mean_14d,TeamA-32fed4b3-d7fc-482d-ba21-c46c58f015b5,TeamA,2020-03-22,1.0,low,1.3928571428571423,0.8461538461538448,REVIEW_ONLY
fatigue_mean_14d,TeamA-32fed4b3-d7fc-482d-ba21-c46c58f015b5,TeamA,2020-03-23,1.0,low,1.3928571428571423,0.8461538461538448,REVIEW_ONLY
fatigue_mean_14d,TeamA-4051bba7-1170-4c43-b912-8c38815a7625,TeamA,2021-11-27,1.0,low,1.3928571428571423,0.8461538461538448,REVIEW_ONLY
fatigue_mean_14d,TeamA-bcc03f81-2733-45d3-abf1-f7a709c63e68,TeamA,2021-01-11,1.0,low,1.3928571428571423,0.8461538461538448,REVIEW_ONLY
fatigue_mean_14d,TeamA-bcc03f81-2733-45d3-abf1-f7a709c63e68,TeamA,2021-01-12,1.0,low,1.3928571428571423,0.8461538461538448,REVIEW_ONLY
fatigue_mean_14d,TeamA-c4ccf1a6-48c3-4a17-8d6c-eedd12e8680e,TeamA,2020-12-14,1.0,low,1.3928571428571423,0.8461538461538448,REVIEW_ONLY
fatigue_mean_14d,TeamA-c4ccf1a6-48c3-4a17-8d6c-eedd12e8680e,TeamA,2020-12-15,1.0,low,1.3928571428571423,0.8461538461538448,REVIEW_ONLY
fatigue_mean_14d,TeamA-c4ccf1a6-48c3-4a17-8d6c-eedd12e8680e,TeamA,2020-12-16,1.0,low,1.3928571428571423,0.8461538461538448,REVIEW_ONLY
fatigue_mean_14d,TeamB-7ab47f4e-6eca-4793-880f-6a0dad3459c3,TeamB,2021-09-30,1.0,low,1.3928571428571423,0.8461538461538448,REVIEW_ONLY
fatigue_mean_14d,TeamB-7ab47f4e-6eca-4793-880f-6a0dad3459c3,TeamB,2021-10-01,1.0,low,1.3928571428571423,0.8461538461538448,REVIEW_ONLY
fatigue_mean_14d,TeamB-7ab47f4e-6eca-4793-880f-6a0dad3459c3,TeamB,2021-10-02,1.0,low,1.3928571428571423,0.8461538461538448,REVIEW_ONLY
fatigue_mean_14d,TeamB-7ab47f4e-6eca-4793-880f-6a0dad3459c3,TeamB,2021-10-03,1.0,low,1.3928571428571423,0.8461538461538448,REVIEW_ONLY
fatigue_mean_14d,TeamB-7ab47f4e-6eca-4793-880f-6a0dad3459c3,TeamB,2021-10-04,1.0,low,1.3928571428571423,0.8461538461538448,REVIEW_ONLY
fatigue_mean_14d,TeamB-7ab47f4e-6eca-4793-880f-6a0dad3459c3,TeamB,2021-10-05,1.0,low,1.3928571428571423,0.8461538461538448,REVIEW_ONLY
fatigue_mean_14d,TeamB-7ab47f4e-6eca-4793-880f-6a0dad3459c3,TeamB,2021-10-06,1.0,low,1.3928571428571423,0.8461538461538448,REVIEW_ONLY
fatigue_mean_14d,TeamB-7ab47f4e-6eca-4793-880f-6a0dad3459c3,TeamB,2021-10-07,1.0,low,1.3928571428571423,0.8461538461538448,REVIEW_ONLY
fatigue_mean_14d,TeamB-7ab47f4e-6eca-4793-880f-6a0dad3459c3,TeamB,2021-10-08,1.0,low,1.3928571428571423,0.8461538461538448,REVIEW_ONLY
fatigue_mean_14d,TeamB-7ab47f4e-6eca-4793-880f-6a0dad3459c3,TeamB,2021-10-09,1.0,low,1.3928571428571423,0.8461538461538448,REVIEW_ONLY
fatigue_mean_28d,TeamA-32fed4b3-d7fc-482d-ba21-c46c58f015b5,TeamA,2020-03-20,1.0,low,1.416666666666666,0.9090909090909075,REVIEW_ONLY
fatigue_mean_28d,TeamA-32fed4b3-d7fc-482d-ba21-c46c58f015b5,TeamA,2020-03-21,1.0,low,1.416666666666666,0.9090909090909075,REVIEW_ONLY
fatigue_mean_28d,TeamA-32fed4b3-d7fc-482d-ba21-c46c58f015b5,TeamA,2020-03-22,1.0,low,1.416666666666666,0.9090909090909075,REVIEW_ONLY
fatigue_mean_28d,TeamA-32fed4b3-d7fc-482d-ba21-c46c58f015b5,TeamA,2020-03-23,1.0,low,1.416666666666666,0.9090909090909075,REVIEW_ONLY
fatigue_mean_28d,TeamA-4051bba7-1170-4c43-b912-8c38815a7625,TeamA,2021-12-11,1.0,low,1.416666666666666,0.9090909090909075,REVIEW_ONLY
fatigue_mean_28d,TeamA-bcc03f81-2733-45d3-abf1-f7a709c63e68,TeamA,2021-01-11,1.0,low,1.416666666666666,0.9090909090909075,REVIEW_ONLY
fatigue_mean_28d,TeamA-bcc03f81-2733-45d3-abf1-f7a709c63e68,TeamA,2021-01-12,1.0,low,1.416666666666666,0.9090909090909075,REVIEW_ONLY
fatigue_mean_28d,TeamA-c4ccf1a6-48c3-4a17-8d6c-eedd12e8680e,TeamA,2020-12-28,1.0,low,1.416666666666666,0.9090909090909075,REVIEW_ONLY
fatigue_mean_28d,TeamA-c4ccf1a6-48c3-4a17-8d6c-eedd12e8680e,TeamA,2020-12-29,1.0,low,1.416666666666666,0.9090909090909075,REVIEW_ONLY
fatigue_mean_28d,TeamA-c4ccf1a6-48c3-4a17-8d6c-eedd12e8680e,TeamA,2020-12-30,1.0,low,1.416666666666666,0.9090909090909075,REVIEW_ONLY
fatigue_mean_28d,TeamB-a7126274-c2d2-4f4e-9b67-35d376aefacc,TeamB,2020-01-23,1.0,low,1.416666666666666,0.9090909090909075,REVIEW_ONLY
fatigue_mean_28d,TeamA-af719df9-3e6c-4ad4-9e8e-0c0c45f4f76a,TeamA,2020-03-21,5.0,high,4.625,0.8181818181818179,REVIEW_ONLY
fatigue_mean_28d,TeamA-af719df9-3e6c-4ad4-9e8e-0c0c45f4f76a,TeamA,2020-03-22,5.0,high,4.625,0.8181818181818179,REVIEW_ONLY
fatigue_mean_28d,TeamA-af719df9-3e6c-4ad4-9e8e-0c0c45f4f76a,TeamA,2020-03-23,5.0,high,4.625,0.8181818181818179,REVIEW_ONLY
fatigue_mean_28d,TeamA-af719df9-3e6c-4ad4-9e8e-0c0c45f4f76a,TeamA,2020-03-24,5.0,high,4.625,0.8181818181818179,REVIEW_ONLY
fatigue_mean_28d,TeamA-af719df9-3e6c-4ad4-9e8e-0c0c45f4f76a,TeamA,2020-03-25,5.0,high,4.625,0.8181818181818179,REVIEW_ONLY
fatigue_mean_28d,TeamA-af719df9-3e6c-4ad4-9e8e-0c0c45f4f76a,TeamA,2020-03-26,5.0,high,4.625,0.8181818181818179,REVIEW_ONLY
fatigue_mean_28d,TeamA-af719df9-3e6c-4ad4-9e8e-0c0c45f4f76a,TeamA,2020-03-27,5.0,high,4.625,0.8181818181818179,REVIEW_ONLY
fatigue_mean_28d,TeamA-c91a44bb-976c-421f-b146-f57e1e5b0846,TeamA,2021-08-03,5.0,high,4.625,0.8181818181818179,REVIEW_ONLY
fatigue_mean_28d,TeamB-5a921187-19c7-8df4-8f4f-f31e78de5857,TeamB,2021-07-07,5.0,high,4.625,0.8181818181818179,REVIEW_ONLY
readiness_mean_7d,TeamB-48bfd4ea-e9e2-45b5-befc-3383cae87fdf,TeamB,2021-10-06,1.0,low,1.2857142857142865,0.18181818181818232,REVIEW_ONLY
readiness_mean_7d,TeamB-48bfd4ea-e9e2-45b5-befc-3383cae87fdf,TeamB,2021-10-07,1.0,low,1.2857142857142865,0.18181818181818232,REVIEW_ONLY
readiness_mean_7d,TeamB-48bfd4ea-e9e2-45b5-befc-3383cae87fdf,TeamB,2021-10-08,1.0,low,1.2857142857142865,0.18181818181818232,REVIEW_ONLY
readiness_mean_7d,TeamB-48bfd4ea-e9e2-45b5-befc-3383cae87fdf,TeamB,2021-10-09,1.0,low,1.2857142857142865,0.18181818181818232,REVIEW_ONLY
readiness_mean_7d,TeamB-48bfd4ea-e9e2-45b5-befc-3383cae87fdf,TeamB,2021-10-17,1.0,low,1.2857142857142865,0.18181818181818232,REVIEW_ONLY
readiness_mean_7d,TeamB-48bfd4ea-e9e2-45b5-befc-3383cae87fdf,TeamB,2021-10-18,1.0,low,1.2857142857142865,0.18181818181818232,REVIEW_ONLY
readiness_mean_7d,TeamB-48bfd4ea-e9e2-45b5-befc-3383cae87fdf,TeamB,2021-10-19,1.0,low,1.2857142857142865,0.18181818181818232,REVIEW_ONLY
readiness_mean_7d,TeamB-48bfd4ea-e9e2-45b5-befc-3383cae87fdf,TeamB,2021-10-20,1.0,low,1.2857142857142865,0.18181818181818232,REVIEW_ONLY
readiness_mean_7d,TeamB-48bfd4ea-e9e2-45b5-befc-3383cae87fdf,TeamB,2021-10-21,1.0,low,1.2857142857142865,0.18181818181818232,REVIEW_ONLY
readiness_mean_7d,TeamB-48bfd4ea-e9e2-45b5-befc-3383cae87fdf,TeamB,2021-10-26,1.0,low,1.2857142857142865,0.18181818181818232,REVIEW_ONLY
readiness_mean_7d,TeamB-48bfd4ea-e9e2-45b5-befc-3383cae87fdf,TeamB,2021-10-27,1.0,low,1.2857142857142865,0.18181818181818232,REVIEW_ONLY
readiness_mean_7d,TeamB-48bfd4ea-e9e2-45b5-befc-3383cae87fdf,TeamB,2021-10-28,1.0,low,1.2857142857142865,0.18181818181818232,REVIEW_ONLY
readiness_mean_7d,TeamB-48bfd4ea-e9e2-45b5-befc-3383cae87fdf,TeamB,2021-10-29,1.0,low,1.2857142857142865,0.18181818181818232,REVIEW_ONLY
readiness_mean_7d,TeamB-48bfd4ea-e9e2-45b5-befc-3383cae87fdf,TeamB,2021-10-30,1.0,low,1.2857142857142865,0.18181818181818232,REVIEW_ONLY
readiness_mean_7d,TeamB-48bfd4ea-e9e2-45b5-befc-3383cae87fdf,TeamB,2021-10-31,1.0,low,1.2857142857142865,0.18181818181818232,REVIEW_ONLY
readiness_mean_7d,TeamB-48bfd4ea-e9e2-45b5-befc-3383cae87fdf,TeamB,2021-11-01,1.0,low,1.2857142857142865,0.18181818181818232,REVIEW_ONLY
readiness_mean_7d,TeamB-48bfd4ea-e9e2-45b5-befc-3383cae87fdf,TeamB,2021-11-02,1.0,low,1.2857142857142865,0.18181818181818232,REVIEW_ONLY
readiness_mean_7d,TeamB-48bfd4ea-e9e2-45b5-befc-3383cae87fdf,TeamB,2021-11-03,1.0,low,1.2857142857142865,0.18181818181818232,REVIEW_ONLY
readiness_mean_7d,TeamB-48bfd4ea-e9e2-45b5-befc-3383cae87fdf,TeamB,2021-11-04,1.0,low,1.2857142857142865,0.18181818181818232,REVIEW_ONLY
readiness_mean_7d,TeamB-48bfd4ea-e9e2-45b5-befc-3383cae87fdf,TeamB,2021-11-05,1.0,low,1.2857142857142865,0.18181818181818232,REVIEW_ONLY
readiness_mean_14d,TeamB-48bfd4ea-e9e2-45b5-befc-3383cae87fdf,TeamB,2021-10-24,1.0,low,1.6969696969696972,0.47586206896551747,REVIEW_ONLY
readiness_mean_14d,TeamB-48bfd4ea-e9e2-45b5-befc-3383cae87fdf,TeamB,2021-10-25,1.0,low,1.6969696969696972,0.47586206896551747,REVIEW_ONLY
readiness_mean_14d,TeamB-48bfd4ea-e9e2-45b5-befc-3383cae87fdf,TeamB,2021-10-26,1.0,low,1.6969696969696972,0.47586206896551747,REVIEW_ONLY
readiness_mean_14d,TeamB-48bfd4ea-e9e2-45b5-befc-3383cae87fdf,TeamB,2021-10-27,1.0,low,1.6969696969696972,0.47586206896551747,REVIEW_ONLY
readiness_mean_14d,TeamB-48bfd4ea-e9e2-45b5-befc-3383cae87fdf,TeamB,2021-10-28,1.0,low,1.6969696969696972,0.47586206896551747,REVIEW_ONLY
readiness_mean_14d,TeamB-48bfd4ea-e9e2-45b5-befc-3383cae87fdf,TeamB,2021-10-29,1.0,low,1.6969696969696972,0.47586206896551747,REVIEW_ONLY
readiness_mean_14d,TeamB-48bfd4ea-e9e2-45b5-befc-3383cae87fdf,TeamB,2021-10-30,1.0,low,1.6969696969696972,0.47586206896551747,REVIEW_ONLY
readiness_mean_14d,TeamB-48bfd4ea-e9e2-45b5-befc-3383cae87fdf,TeamB,2021-10-31,1.0,low,1.6969696969696972,0.47586206896551747,REVIEW_ONLY
readiness_mean_14d,TeamB-48bfd4ea-e9e2-45b5-befc-3383cae87fdf,TeamB,2021-11-01,1.0,low,1.6969696969696972,0.47586206896551747,REVIEW_ONLY
readiness_mean_14d,TeamB-48bfd4ea-e9e2-45b5-befc-3383cae87fdf,TeamB,2021-11-02,1.0,low,1.6969696969696972,0.47586206896551747,REVIEW_ONLY
readiness_mean_14d,TeamB-48bfd4ea-e9e2-45b5-befc-3383cae87fdf,TeamB,2021-11-03,1.0,low,1.6969696969696972,0.47586206896551747,REVIEW_ONLY
readiness_mean_14d,TeamB-48bfd4ea-e9e2-45b5-befc-3383cae87fdf,TeamB,2021-11-04,1.0,low,1.6969696969696972,0.47586206896551747,REVIEW_ONLY
readiness_mean_14d,TeamB-48bfd4ea-e9e2-45b5-befc-3383cae87fdf,TeamB,2021-11-05,1.0,low,1.6969696969696972,0.47586206896551747,REVIEW_ONLY
readiness_mean_14d,TeamB-48bfd4ea-e9e2-45b5-befc-3383cae87fdf,TeamB,2021-11-06,1.0,low,1.6969696969696972,0.47586206896551747,REVIEW_ONLY
readiness_mean_14d,TeamB-48bfd4ea-e9e2-45b5-befc-3383cae87fdf,TeamB,2021-11-07,1.0,low,1.6969696969696972,0.47586206896551747,REVIEW_ONLY
readiness_mean_14d,TeamB-48bfd4ea-e9e2-45b5-befc-3383cae87fdf,TeamB,2021-11-08,1.0,low,1.6969696969696972,0.47586206896551747,REVIEW_ONLY
readiness_mean_14d,TeamB-48bfd4ea-e9e2-45b5-befc-3383cae87fdf,TeamB,2021-11-09,1.0,low,1.6969696969696972,0.47586206896551747,REVIEW_ONLY
readiness_mean_14d,TeamB-48bfd4ea-e9e2-45b5-befc-3383cae87fdf,TeamB,2021-11-10,1.0,low,1.6969696969696972,0.47586206896551747,REVIEW_ONLY
readiness_mean_14d,TeamB-48bfd4ea-e9e2-45b5-befc-3383cae87fdf,TeamB,2021-11-11,1.0,low,1.6969696969696972,0.47586206896551747,REVIEW_ONLY
readiness_mean_14d,TeamB-48bfd4ea-e9e2-45b5-befc-3383cae87fdf,TeamB,2021-11-12,1.0,low,1.6969696969696972,0.47586206896551747,REVIEW_ONLY
readiness_mean_28d,TeamB-48bfd4ea-e9e2-45b5-befc-3383cae87fdf,TeamB,2021-11-07,1.0,low,1.8615384615384603,0.6075949367088597,REVIEW_ONLY
readiness_mean_28d,TeamB-48bfd4ea-e9e2-45b5-befc-3383cae87fdf,TeamB,2021-11-08,1.0,low,1.8615384615384603,0.6075949367088597,REVIEW_ONLY
readiness_mean_28d,TeamB-48bfd4ea-e9e2-45b5-befc-3383cae87fdf,TeamB,2021-11-09,1.0,low,1.8615384615384603,0.6075949367088597,REVIEW_ONLY
readiness_mean_28d,TeamB-48bfd4ea-e9e2-45b5-befc-3383cae87fdf,TeamB,2021-11-10,1.0,low,1.8615384615384603,0.6075949367088597,REVIEW_ONLY
readiness_mean_28d,TeamB-48bfd4ea-e9e2-45b5-befc-3383cae87fdf,TeamB,2021-11-11,1.0,low,1.8615384615384603,0.6075949367088597,REVIEW_ONLY
readiness_mean_28d,TeamB-48bfd4ea-e9e2-45b5-befc-3383cae87fdf,TeamB,2021-11-12,1.0,low,1.8615384615384603,0.6075949367088597,REVIEW_ONLY
readiness_mean_28d,TeamB-48bfd4ea-e9e2-45b5-befc-3383cae87fdf,TeamB,2021-11-13,1.0,low,1.8615384615384603,0.6075949367088597,REVIEW_ONLY
readiness_mean_28d,TeamB-48bfd4ea-e9e2-45b5-befc-3383cae87fdf,TeamB,2021-11-14,1.0,low,1.8615384615384603,0.6075949367088597,REVIEW_ONLY
readiness_mean_28d,TeamB-48bfd4ea-e9e2-45b5-befc-3383cae87fdf,TeamB,2021-11-15,1.0,low,1.8615384615384603,0.6075949367088597,REVIEW_ONLY
readiness_mean_28d,TeamB-48bfd4ea-e9e2-45b5-befc-3383cae87fdf,TeamB,2021-11-16,1.0,low,1.8615384615384603,0.6075949367088597,REVIEW_ONLY
readiness_mean_28d,TeamB-48bfd4ea-e9e2-45b5-befc-3383cae87fdf,TeamB,2021-11-17,1.0,low,1.8615384615384603,0.6075949367088597,REVIEW_ONLY
readiness_mean_28d,TeamB-48bfd4ea-e9e2-45b5-befc-3383cae87fdf,TeamB,2021-11-18,1.0,low,1.8615384615384603,0.6075949367088597,REVIEW_ONLY
readiness_mean_28d,TeamB-48bfd4ea-e9e2-45b5-befc-3383cae87fdf,TeamB,2021-11-19,1.0,low,1.8615384615384603,0.6075949367088597,REVIEW_ONLY
readiness_mean_28d,TeamB-48bfd4ea-e9e2-45b5-befc-3383cae87fdf,TeamB,2021-11-20,1.0,low,1.8615384615384603,0.6075949367088597,REVIEW_ONLY
readiness_mean_28d,TeamB-48bfd4ea-e9e2-45b5-befc-3383cae87fdf,TeamB,2021-11-21,1.0,low,1.8615384615384603,0.6075949367088597,REVIEW_ONLY
readiness_mean_28d,TeamB-48bfd4ea-e9e2-45b5-befc-3383cae87fdf,TeamB,2021-11-22,1.0,low,1.8615384615384603,0.6075949367088597,REVIEW_ONLY
readiness_mean_28d,TeamB-48bfd4ea-e9e2-45b5-befc-3383cae87fdf,TeamB,2021-11-23,1.0,low,1.8615384615384603,0.6075949367088597,REVIEW_ONLY
readiness_mean_28d,TeamB-48bfd4ea-e9e2-45b5-befc-3383cae87fdf,TeamB,2021-11-24,1.0,low,1.8615384615384603,0.6075949367088597,REVIEW_ONLY
readiness_mean_28d,TeamB-48bfd4ea-e9e2-45b5-befc-3383cae87fdf,TeamB,2021-11-25,1.0,low,1.8615384615384603,0.6075949367088597,REVIEW_ONLY
readiness_mean_28d,TeamB-48bfd4ea-e9e2-45b5-befc-3383cae87fdf,TeamB,2021-11-26,1.0,low,1.8615384615384603,0.6075949367088597,REVIEW_ONLY
daily_load_zscore_prior,TeamB-08e35b7b-d2ad-411f-a0de-4e663f14c3c3,TeamB,2021-09-11,80.57579535720096,high,5.323052946584156,50.59544337966684,REVIEW_ONLY
daily_load_zscore_prior,TeamB-6d568bee-175f-4dcb-9d3a-0f3e8f35de07,TeamB,2021-08-11,71.95781889531087,high,5.323052946584156,44.80123141931514,REVIEW_ONLY
daily_load_zscore_prior,TeamB-e1f63352-01cb-4688-9486-5c6f1e5cf0cd,TeamB,2021-06-04,53.2155270036819,high,5.323052946584156,32.20003526577379,REVIEW_ONLY
daily_load_zscore_prior,TeamA-5cd7a61b-88b2-46d2-94f8-5a0d4f682d93,TeamA,2020-03-22,47.43259197271429,high,5.323052946584156,28.311935609138096,REVIEW_ONLY
daily_load_zscore_prior,TeamA-b58af410-da77-479e-b93c-e03617b9f36d,TeamA,2020-03-21,40.39065564324426,high,5.323052946584156,23.57735877608631,REVIEW_ONLY
daily_load_zscore_prior,TeamB-7d41e602-eece-328b-ff7b-118e820865d6,TeamB,2021-01-12,36.84910272858457,high,5.323052946584156,21.196230404816767,REVIEW_ONLY
daily_load_zscore_prior,TeamB-4b1e23d2-4204-4e16-9991-e0490649079b,TeamB,2021-02-26,35.94355068860773,high,5.323052946584156,20.587391371204006,REVIEW_ONLY
daily_load_zscore_prior,TeamB-d9501f3a-aaa1-4311-8b8b-3a8d3f21480f,TeamB,2021-01-18,33.07538117531945,high,5.323052946584156,18.6590057261861,REVIEW_ONLY
daily_load_zscore_prior,TeamB-5eba590a-cecb-400f-a92e-08224c7e2e59,TeamB,2021-01-12,30.50059971079575,high,5.323052946584156,16.92787665859021,REVIEW_ONLY
daily_load_zscore_prior,TeamA-5a5b135d-d146-4b4c-b3da-efcd4d203f95,TeamA,2020-06-13,29.637151179377053,high,5.323052946584156,16.347345506060574,REVIEW_ONLY
daily_load_zscore_prior,TeamA-78f2ae2c-caf7-47eb-9e84-521f7820182e,TeamA,2020-09-21,28.36043367921729,high,5.323052946584156,15.488957015197421,REVIEW_ONLY
daily_load_zscore_prior,TeamA-bcc03f81-2733-45d3-abf1-f7a709c63e68,TeamA,2020-03-20,27.71562562467272,high,5.323052946584156,15.055426643155323,REVIEW_ONLY
daily_load_zscore_prior,TeamA-c91a44bb-976c-421f-b146-f57e1e5b0846,TeamA,2021-08-07,27.600651321531757,high,5.323052946584156,14.97812479795553,REVIEW_ONLY
daily_load_zscore_prior,TeamA-705923a2-378f-4f8e-8a29-464837b88cdc,TeamA,2020-06-26,26.608376158987635,high,5.323052946584156,14.3109783233512,REVIEW_ONLY
daily_load_zscore_prior,TeamA-0362cdd5-7a63-480a-a46a-62a99fb1692f,TeamA,2021-06-10,24.06070457742052,high,5.323052946584156,12.598076319703027,REVIEW_ONLY
daily_load_zscore_prior,TeamA-705923a2-378f-4f8e-8a29-464837b88cdc,TeamA,2020-06-27,23.88681692276046,high,5.323052946584156,12.481164660354187,REVIEW_ONLY
daily_load_zscore_prior,TeamA-7a0fe0d4-c3f7-4ba1-8210-2ee9354d331e,TeamA,2021-06-15,23.875994277210047,high,5.323052946584156,12.473888160752667,REVIEW_ONLY
daily_load_zscore_prior,TeamB-e1f63352-01cb-4688-9486-5c6f1e5cf0cd,TeamB,2021-06-05,23.583888701458626,high,5.323052946584156,12.277493841484231,REVIEW_ONLY
daily_load_zscore_prior,TeamA-82a0cc6a-a398-4c89-b5fb-34bc4b53dbea,TeamA,2020-07-30,23.28827499122249,high,5.323052946584156,12.078740862398176,REVIEW_ONLY
daily_load_zscore_prior,TeamB-e1f63352-01cb-4688-9486-5c6f1e5cf0cd,TeamB,2021-07-06,21.40455568194666,high,5.323052946584156,10.812240657852751,REVIEW_ONLY
fatigue_baseline_mean_prior,TeamA-32fed4b3-d7fc-482d-ba21-c46c58f015b5,TeamA,2020-03-21,1.0,low,1.5609169059808412,1.3167265192060311,REVIEW_ONLY
fatigue_baseline_mean_prior,TeamA-32fed4b3-d7fc-482d-ba21-c46c58f015b5,TeamA,2020-03-22,1.0,low,1.5609169059808412,1.3167265192060311,REVIEW_ONLY
fatigue_baseline_mean_prior,TeamA-32fed4b3-d7fc-482d-ba21-c46c58f015b5,TeamA,2020-03-23,1.0,low,1.5609169059808412,1.3167265192060311,REVIEW_ONLY
fatigue_baseline_mean_prior,TeamA-32fed4b3-d7fc-482d-ba21-c46c58f015b5,TeamA,2020-03-24,1.0,low,1.5609169059808412,1.3167265192060311,REVIEW_ONLY
fatigue_baseline_mean_prior,TeamB-a7126274-c2d2-4f4e-9b67-35d376aefacc,TeamB,2020-01-24,1.0,low,1.5609169059808412,1.3167265192060311,REVIEW_ONLY
fatigue_baseline_mean_prior,TeamA-af719df9-3e6c-4ad4-9e8e-0c0c45f4f76a,TeamA,2020-03-22,5.0,high,4.542871233317901,1.0730886578106194,REVIEW_ONLY
fatigue_baseline_mean_prior,TeamA-af719df9-3e6c-4ad4-9e8e-0c0c45f4f76a,TeamA,2020-03-23,5.0,high,4.542871233317901,1.0730886578106194,REVIEW_ONLY
fatigue_baseline_mean_prior,TeamA-af719df9-3e6c-4ad4-9e8e-0c0c45f4f76a,TeamA,2020-03-24,5.0,high,4.542871233317901,1.0730886578106194,REVIEW_ONLY
fatigue_baseline_mean_prior,TeamA-af719df9-3e6c-4ad4-9e8e-0c0c45f4f76a,TeamA,2020-03-25,5.0,high,4.542871233317901,1.0730886578106194,REVIEW_ONLY
fatigue_baseline_mean_prior,TeamA-af719df9-3e6c-4ad4-9e8e-0c0c45f4f76a,TeamA,2020-03-26,5.0,high,4.542871233317901,1.0730886578106194,REVIEW_ONLY
fatigue_baseline_mean_prior,TeamA-af719df9-3e6c-4ad4-9e8e-0c0c45f4f76a,TeamA,2020-03-27,5.0,high,4.542871233317901,1.0730886578106194,REVIEW_ONLY
fatigue_baseline_mean_prior,TeamA-af719df9-3e6c-4ad4-9e8e-0c0c45f4f76a,TeamA,2020-03-28,5.0,high,4.542871233317901,1.0730886578106194,REVIEW_ONLY
fatigue_baseline_mean_prior,TeamA-c91a44bb-976c-421f-b146-f57e1e5b0846,TeamA,2021-08-04,5.0,high,4.542871233317901,1.0730886578106194,REVIEW_ONLY
fatigue_baseline_mean_prior,TeamB-5a921187-19c7-8df4-8f4f-f31e78de5857,TeamB,2021-07-08,5.0,high,4.542871233317901,1.0730886578106194,REVIEW_ONLY
fatigue_baseline_mean_prior,TeamB-789547e7-1325-4153-a98d-5ecd497f3668,TeamB,2020-01-10,5.0,high,4.542871233317901,1.0730886578106194,REVIEW_ONLY
fatigue_baseline_mean_prior,TeamB-789547e7-1325-4153-a98d-5ecd497f3668,TeamB,2020-01-11,5.0,high,4.542871233317901,1.0730886578106194,REVIEW_ONLY
fatigue_baseline_mean_prior,TeamB-789547e7-1325-4153-a98d-5ecd497f3668,TeamB,2020-01-12,5.0,high,4.542871233317901,1.0730886578106194,REVIEW_ONLY
fatigue_baseline_mean_prior,TeamB-789547e7-1325-4153-a98d-5ecd497f3668,TeamB,2020-01-13,5.0,high,4.542871233317901,1.0730886578106194,REVIEW_ONLY
fatigue_baseline_mean_prior,TeamB-789547e7-1325-4153-a98d-5ecd497f3668,TeamB,2020-01-14,5.0,high,4.542871233317901,1.0730886578106194,REVIEW_ONLY
fatigue_baseline_mean_prior,TeamB-789547e7-1325-4153-a98d-5ecd497f3668,TeamB,2020-01-15,5.0,high,4.542871233317901,1.0730886578106194,REVIEW_ONLY
fatigue_zscore_prior,TeamA-ecdbd8ec-61a7-4131-97ec-3af76f621f65,TeamA,2021-09-26,-12.8626031553015,low,-3.7162225502048556,8.75771592537163,REVIEW_ONLY
fatigue_zscore_prior,TeamA-5cd7a61b-88b2-46d2-94f8-5a0d4f682d93,TeamA,2021-12-14,-8.323674129414362,low,-3.7162225502048556,4.4116633467163044,REVIEW_ONLY
fatigue_zscore_prior,TeamB-08e35b7b-d2ad-411f-a0de-4e663f14c3c3,TeamB,2021-11-01,-8.004165582161972,low,-3.7162225502048556,4.1057319391598135,REVIEW_ONLY
fatigue_zscore_prior,TeamA-5cd7a61b-88b2-46d2-94f8-5a0d4f682d93,TeamA,2021-12-21,-7.831268551345281,low,-3.7162225502048556,3.9401819641905833,REVIEW_ONLY
fatigue_zscore_prior,TeamB-48bfd4ea-e9e2-45b5-befc-3383cae87fdf,TeamB,2021-07-11,-7.466592261533822,low,-3.7162225502048556,3.5910021641385694,REVIEW_ONLY
fatigue_zscore_prior,TeamB-48bfd4ea-e9e2-45b5-befc-3383cae87fdf,TeamB,2020-12-07,-7.429670248402657,low,-3.7162225502048556,3.5556491085030544,REVIEW_ONLY
fatigue_zscore_prior,TeamA-ecdbd8ec-61a7-4131-97ec-3af76f621f65,TeamA,2020-10-12,7.017834423809013,high,3.5944352493012013,3.2779258554782573,REVIEW_ONLY
fatigue_zscore_prior,TeamB-48bfd4ea-e9e2-45b5-befc-3383cae87fdf,TeamB,2021-08-08,-7.125852775477045,low,-3.7162225502048556,3.264742001536158,REVIEW_ONLY
fatigue_zscore_prior,TeamB-48bfd4ea-e9e2-45b5-befc-3383cae87fdf,TeamB,2020-09-06,-6.964194138591666,low,-3.7162225502048556,3.1099528581742417,REVIEW_ONLY
fatigue_zscore_prior,TeamA-ecdbd8ec-61a7-4131-97ec-3af76f621f65,TeamA,2021-07-18,-6.941176470588157,low,-3.7162225502048556,3.0879132988837705,REVIEW_ONLY
fatigue_zscore_prior,TeamA-ecdbd8ec-61a7-4131-97ec-3af76f621f65,TeamA,2020-08-02,6.766252893427904,high,3.5944352493012013,3.037034986152278,REVIEW_ONLY
fatigue_zscore_prior,TeamB-48bfd4ea-e9e2-45b5-befc-3383cae87fdf,TeamB,2021-01-14,-6.867799259345826,low,-3.7162225502048556,3.017654165877843,REVIEW_ONLY
fatigue_zscore_prior,TeamA-ecdbd8ec-61a7-4131-97ec-3af76f621f65,TeamA,2021-07-31,-6.676852210184641,low,-3.7162225502048556,2.8348211868511664,REVIEW_ONLY
fatigue_zscore_prior,TeamB-48bfd4ea-e9e2-45b5-befc-3383cae87fdf,TeamB,2021-02-12,-6.633249580710764,low,-3.7162225502048556,2.7930713998022147,REVIEW_ONLY
fatigue_zscore_prior,TeamA-ecdbd8ec-61a7-4131-97ec-3af76f621f65,TeamA,2021-08-22,-6.515304893937368,low,-3.7162225502048556,2.68013863368785,REVIEW_ONLY
fatigue_zscore_prior,TeamA-ecdbd8ec-61a7-4131-97ec-3af76f621f65,TeamA,2020-10-18,6.3435503595156355,high,3.5944352493012013,2.632294698953252,REVIEW_ONLY
fatigue_zscore_prior,TeamA-ecdbd8ec-61a7-4131-97ec-3af76f621f65,TeamA,2021-04-07,6.322722129840705,high,3.5944352493012013,2.612351540386267,REVIEW_ONLY
fatigue_zscore_prior,TeamA-ecdbd8ec-61a7-4131-97ec-3af76f621f65,TeamA,2020-11-07,6.050821744036908,high,3.5944352493012013,2.352005241486163,REVIEW_ONLY
fatigue_zscore_prior,TeamB-29c5271b-5c46-455e-91ea-da2abfa8ff3c,TeamB,2020-09-02,6.010407640085684,high,3.5944352493012013,2.313308487320255,REVIEW_ONLY
fatigue_zscore_prior,TeamB-29c5271b-5c46-455e-91ea-da2abfa8ff3c,TeamB,2020-10-19,-6.104566673051741,low,-3.7162225502048556,2.2868542501138234,REVIEW_ONLY
readiness_zscore_prior,TeamB-48bfd4ea-e9e2-45b5-befc-3383cae87fdf,TeamB,2021-09-30,-21.002252781944907,low,-4.079159826610679,14.279519833425367,REVIEW_ONLY
readiness_zscore_prior,TeamB-48bfd4ea-e9e2-45b5-befc-3383cae87fdf,TeamB,2021-10-05,-15.440404005035019,low,-4.079159826610679,9.586492965936367,REVIEW_ONLY
readiness_zscore_prior,TeamB-48bfd4ea-e9e2-45b5-befc-3383cae87fdf,TeamB,2021-10-06,-12.780702687488901,low,-4.079159826610679,7.342266227057872,REVIEW_ONLY
readiness_zscore_prior,TeamB-48bfd4ea-e9e2-45b5-befc-3383cae87fdf,TeamB,2021-10-07,-11.14598144867921,low,-4.079159826610679,5.962906413026545,REVIEW_ONLY
readiness_zscore_prior,TeamB-48bfd4ea-e9e2-45b5-befc-3383cae87fdf,TeamB,2021-10-08,-10.011603118606999,low,-4.079159826610679,5.005730446102112,REVIEW_ONLY
readiness_zscore_prior,TeamB-48bfd4ea-e9e2-45b5-befc-3383cae87fdf,TeamB,2021-05-10,-9.608694853307224,low,-4.079159826610679,4.665760880220501,REVIEW_ONLY
readiness_zscore_prior,TeamB-48bfd4ea-e9e2-45b5-befc-3383cae87fdf,TeamB,2021-10-09,-9.165340441233985,low,-4.079159826610679,4.2916633002364035,REVIEW_ONLY
readiness_zscore_prior,TeamB-48bfd4ea-e9e2-45b5-befc-3383cae87fdf,TeamB,2021-05-11,-8.639771727568007,low,-4.079159826610679,3.848194196188516,REVIEW_ONLY
readiness_zscore_prior,TeamB-70b74270-f655-43cc-a188-1ebc7a828b95,TeamB,2020-10-12,-8.55368433655791,low,-4.079159826610679,3.775554601843614,REVIEW_ONLY
readiness_zscore_prior,TeamB-48bfd4ea-e9e2-45b5-befc-3383cae87fdf,TeamB,2021-10-12,-8.46329019720768,low,-4.079159826610679,3.6992810205849262,REVIEW_ONLY
readiness_zscore_prior,TeamB-48bfd4ea-e9e2-45b5-befc-3383cae87fdf,TeamB,2021-10-13,-7.934212875974359,low,-4.079159826610679,3.252851392034939,REVIEW_ONLY
readiness_zscore_prior,TeamB-789547e7-1325-4153-a98d-5ecd497f3668,TeamB,2020-01-17,-7.778174593051663,low,-4.079159826610679,3.1211880039268,REVIEW_ONLY
readiness_zscore_prior,TeamB-70b74270-f655-43cc-a188-1ebc7a828b95,TeamB,2021-02-07,-7.588245421096068,low,-4.079159826610679,2.960927856148606,REVIEW_ONLY
readiness_zscore_prior,TeamB-48bfd4ea-e9e2-45b5-befc-3383cae87fdf,TeamB,2021-10-15,-7.493378349927625,low,-4.079159826610679,2.8808800641838546,REVIEW_ONLY
readiness_zscore_prior,TeamB-9c845827-99f9-47f4-977d-2200a107a013,TeamB,2021-01-24,-7.487767802667673,low,-4.079159826610679,2.8761459460716203,REVIEW_ONLY
readiness_zscore_prior,TeamB-48bfd4ea-e9e2-45b5-befc-3383cae87fdf,TeamB,2021-10-26,-7.118702542611182,low,-4.079159826610679,2.5647327360446788,REVIEW_ONLY
readiness_zscore_prior,TeamA-5cd7a61b-88b2-46d2-94f8-5a0d4f682d93,TeamA,2020-06-20,7.181324987175278,high,4.216752926004831,2.5014733215040748,REVIEW_ONLY
readiness_zscore_prior,TeamB-48bfd4ea-e9e2-45b5-befc-3383cae87fdf,TeamB,2021-10-27,-6.795137295641837,low,-4.079159826610679,2.291711936968492,REVIEW_ONLY
readiness_zscore_prior,TeamA-5a3be598-2f51-426f-95a5-b63d1d7c1b43,TeamA,2021-03-24,-6.625958101152746,low,-4.079159826610679,2.148960392112832,REVIEW_ONLY
readiness_zscore_prior,TeamB-29c5271b-5c46-455e-91ea-da2abfa8ff3c,TeamB,2020-08-30,6.668859288553502,high,4.216752926004831,2.069060397534805,REVIEW_ONLY
